"weight","nominal","moments_2","moments_3","moments_4"
0,0.000325,0.000885,0.000553125,0.000478333333333333
0.002,0.00034161,0.000915798,0.00057237375,0.000497658
0.004,0.00035822,0.000946596,0.0005916225,0.000516982666666667
0.006,0.00037483,0.000977394,0.00061087125,0.000536307333333333
0.008,0.00039144,0.001008192,0.00063012,0.000555632
0.01,0.00040805,0.00103899,0.00064936875,0.000574956666666667
0.012,0.00042466,0.001069788,0.0006686175,0.000594281333333333
0.014,0.00044127,0.001100586,0.00068786625,0.000613606
0.016,0.00045788,0.001131384,0.000707115,0.000632930666666666
0.018,0.00047449,0.001162182,0.00072636375,0.000652255333333333
0.02,0.0004911,0.00119298,0.0007456125,0.00067158
0.022,0.00050771,0.001223778,0.00076486125,0.000690904666666667
0.024,0.00052432,0.001254576,0.00078411,0.000710229333333333
0.026,0.00054093,0.001285374,0.000803453571428572,0.000729554
0.028,0.00055754,0.001316172,0.000824735714285715,0.000748878666666667
0.03,0.00057415,0.00134697,0.000846017857142857,0.000768203333333334
0.032,0.00059076,0.001377768,0.0008673,0.000787528
0.034,0.00060737,0.001408566,0.000888582142857143,0.000806852666666667
0.036,0.000623980000000001,0.001439364,0.000909864285714286,0.000826177333333334
0.038,0.00064059,0.001470162,0.000931146428571428,0.000845501999999999
0.04,0.0006572,0.00150096,0.000952428571428571,0.000864826666666666
0.042,0.00067381,0.001531758,0.000973710714285714,0.000884151333333333
0.044,0.00069042,0.001562556,0.000994992857142857,0.000903476
0.046,0.00070703,0.001593354,0.001016275,0.000922800666666667
0.048,0.00072364,0.001624152,0.00103755714285714,0.000942125333333333
0.05,0.00074025,0.00165495,0.00105883928571429,0.00096145
0.052,0.00075686,0.001685748,0.00108012142857143,0.000980774666666667
0.054,0.00077347,0.001716546,0.00110140357142857,0.00100009933333333
0.056,0.00079008,0.001747344,0.00112268571428571,0.001019424
0.058,0.000806690000000001,0.001778142,0.00114396785714286,0.00103874866666667
0.06,0.0008233,0.00180894,0.00116525,0.00105807333333333
0.062,0.00083991,0.001839738,0.00118653214285714,0.001077398
0.064,0.00085652,0.001870536,0.00120781428571429,0.00109672266666667
0.066,0.00087313,0.001901334,0.00122909642857143,0.00111604733333333
0.068,0.00088974,0.001932132,0.00125037857142857,0.001135372
0.07,0.00090635,0.00196293,0.00127166071428571,0.00115469666666667
0.072,0.00092296,0.001993728,0.00129294285714286,0.00117402133333333
0.074,0.00093957,0.002024526,0.001314225,0.001193346
0.076,0.00095618,0.002055324,0.00133550714285714,0.00121267066666667
0.078,0.00097279,0.002086122,0.00135678928571429,0.00123199533333333
0.08,0.0009894,0.00211692,0.00137807142857143,0.00125132
0.082,0.00100601,0.002147718,0.00139935357142857,0.00127065
0.084,0.00102262,0.002178516,0.00142063571428571,0.0012903
0.086,0.00103923,0.002209314,0.00144191785714286,0.00130995
0.088,0.00105584,0.002240112,0.0014632,0.0013296
0.09,0.00107245,0.00227091,0.00148448214285714,0.00134925
0.092,0.00108906,0.002301708,0.00150576428571429,0.0013689
0.094,0.00110567,0.002332506,0.00152704642857143,0.00138855
0.096,0.00112228,0.002363304,0.00154832857142857,0.0014082
0.098,0.00113889,0.002394102,0.00156961071428571,0.00142785
0.1,0.0011555,0.0024249,0.00159089285714286,0.0014475
0.102,0.00117211,0.002455698,0.001612175,0.00146715
0.104,0.00118872,0.002486496,0.00163345714285714,0.0014868
0.106,0.00120533,0.002517294,0.00165473928571429,0.00150645
0.108,0.00122194,0.002548092,0.00167602142857143,0.0015261
0.11,0.00123855,0.00257889,0.00169730357142857,0.00154575
0.112,0.00125516,0.002609688,0.00171858571428571,0.0015654
0.114,0.00127177,0.002640486,0.00173986785714286,0.00158505
0.116,0.00128838,0.002671284,0.00176115,0.0016047
0.118,0.00130499,0.002702082,0.00178243214285714,0.00162435
0.12,0.0013216,0.00273288,0.00180371428571429,0.001644
0.122,0.00133821,0.002763678,0.00182499642857143,0.00166365
0.124,0.00135482,0.002794476,0.00184627857142857,0.0016833
0.126,0.00137143,0.002825274,0.00186756071428571,0.00170295
0.128,0.00138804,0.002856072,0.00188884285714286,0.0017226
0.13,0.00140465,0.00288687,0.001910125,0.00174225
0.132,0.00142126,0.002917668,0.00193140714285714,0.0017619
0.134,0.00143787,0.002948466,0.00195268928571429,0.00178155
0.136,0.00145448,0.002979264,0.00197397142857143,0.0018012
0.138,0.00147109,0.003010062,0.00199525357142857,0.00182085
0.14,0.0014877,0.00304086,0.00201653571428572,0.0018405
0.142,0.00150431,0.003071658,0.00203781785714286,0.00186015
0.144,0.00152092,0.003102456,0.0020591,0.0018798
0.146,0.00153753,0.003133254,0.00208038214285714,0.00189945
0.148,0.00155414,0.003164052,0.00210166428571429,0.0019191
0.15,0.00157075,0.00319485,0.00212294642857143,0.00193875
0.152,0.00158736,0.003225648,0.00214422857142857,0.0019584
0.154,0.00160397,0.003256446,0.00216551071428572,0.00197805
0.156,0.00162058,0.003287244,0.00218679285714286,0.0019977
0.158,0.00163719,0.003318042,0.002208075,0.00201735
0.16,0.0016538,0.00334884,0.00222935714285714,0.002037
0.162,0.00167041,0.003379638,0.00225063928571429,0.00205665
0.164,0.00168702,0.003410436,0.00227192142857143,0.0020763
0.166,0.00170363,0.003441234,0.00229320357142857,0.00209595
0.168,0.00172024,0.003472032,0.00231448571428572,0.0021156
0.17,0.00173685,0.00350283,0.00233576785714286,0.00213525
0.172,0.00175346,0.003533628,0.00235705,0.0021549
0.174,0.00177007,0.003564426,0.00237833214285714,0.00217455
0.176,0.00178668,0.003595224,0.00239961428571429,0.0021942
0.178,0.00180329,0.003626022,0.00242089642857143,0.00221385
0.18,0.0018199,0.00365682,0.00244217857142857,0.0022335
0.182,0.00183651,0.003687618,0.00246346071428571,0.00225315
0.184,0.00185312,0.003718416,0.00248474285714286,0.0022728
0.186,0.00186973,0.003749214,0.002506025,0.00229245
0.188,0.00188634,0.003780012,0.00252730714285714,0.0023121
0.19,0.00190295,0.00381081,0.00254858928571429,0.00233175
0.192,0.00191956,0.003841608,0.00256987142857143,0.0023514
0.194,0.00193617,0.003872406,0.00259115357142857,0.00237105
0.196,0.00195278,0.003903204,0.00261243571428571,0.0023907
0.198,0.00196939,0.003934002,0.00263371785714286,0.00241035
0.2,0.001986,0.0039648,0.002655,0.00243
0.202,0.00200261,0.003995598,0.00267628214285714,0.00244965
0.204,0.00201922,0.004026396,0.00269756428571429,0.0024693
0.206,0.00203583,0.004057194,0.00271884642857143,0.00248895
0.208,0.00205244,0.004087992,0.00274012857142857,0.0025086
0.21,0.00206905,0.00411879,0.00276141071428571,0.00252825
0.212,0.00208566,0.004149588,0.00278269285714286,0.0025479
0.214,0.00210227,0.004180386,0.002803975,0.00256755
0.216,0.00211888,0.004211184,0.00282525714285714,0.0025872
0.218,0.00213549,0.004241982,0.00284653928571429,0.00260685
0.22,0.0021521,0.00427278,0.00286782142857143,0.0026265
0.222,0.00216871,0.004303578,0.00288910357142857,0.00264615
0.224,0.00218532,0.004334376,0.00291038571428571,0.0026658
0.226,0.00220193,0.004365174,0.00293166785714286,0.00268545
0.228,0.00221854,0.004395972,0.00295295,0.0027051
0.23,0.00223515,0.00442677,0.00297423214285714,0.00272475
0.232,0.00225176,0.004457568,0.00299551428571429,0.0027444
0.234,0.00226837,0.004488366,0.00301679642857143,0.00276405
0.236,0.00228498,0.004519164,0.00303807857142857,0.0027837
0.238,0.00230159,0.004549962,0.00305936071428572,0.00280335
0.24,0.0023182,0.00458076,0.00308064285714286,0.002823
0.242,0.00233481,0.004611558,0.003101925,0.00284265
0.244,0.00235142,0.004642356,0.00312320714285714,0.0028623
0.246,0.00236803,0.004673154,0.00314448928571429,0.00288195
0.248,0.00238464,0.004703952,0.00316577142857143,0.0029016
0.25,0.00240125,0.00473475,0.00318705357142857,0.00292125
0.252,0.00241786,0.004765548,0.00320833571428572,0.0029409
0.254,0.00243447,0.004796346,0.00322961785714286,0.00296055
0.256,0.00245108,0.004827144,0.0032509,0.0029802
0.258,0.00246769,0.004857942,0.00327218214285714,0.00299985
0.26,0.0024843,0.00488874,0.00329346428571429,0.0030195
0.262,0.00250091,0.004919538,0.00331474642857143,0.00303915
0.264,0.00251752,0.004950336,0.00333602857142857,0.0030588
0.266,0.00253413,0.004981134,0.00335731071428572,0.00307845
0.268,0.00255074,0.005011932,0.00337859285714286,0.0030981
0.27,0.00256735,0.00504273,0.003399875,0.00311775
0.272,0.00258396,0.005073528,0.00342115714285714,0.0031374
0.274,0.00260057,0.005104326,0.00344243928571429,0.00315705
0.276,0.00261718,0.005135124,0.00346372142857143,0.0031767
0.278,0.00263379,0.005165922,0.00348500357142857,0.00319635
0.28,0.0026504,0.00519672,0.00350628571428572,0.003216
0.282,0.00266701,0.005227518,0.00352756785714286,0.00323565
0.284,0.00268362,0.005258316,0.00354885,0.0032553
0.286,0.00270023,0.005289114,0.00357013214285714,0.00327495
0.288,0.00271684,0.005319912,0.00359141428571429,0.0032946
0.29,0.00273345,0.00535071,0.00361269642857143,0.00331425
0.292,0.00275006,0.005381508,0.00363397857142857,0.0033339
0.294,0.00276667,0.005412306,0.00365526071428572,0.00335355
0.296,0.00278328,0.005443104,0.00367654285714286,0.0033732
0.298,0.00279989,0.005473902,0.003697825,0.00339285
0.3,0.0028165,0.0055047,0.00371910714285714,0.0034125
0.302,0.00283311,0.005535498,0.00374038928571429,0.00343215
0.304,0.00284972,0.005566296,0.00376167142857143,0.0034518
0.306,0.00286633,0.005597094,0.00378295357142857,0.00347145
0.308,0.00288294,0.005627892,0.00380423571428572,0.0034911
0.31,0.00289955,0.00565869,0.00382551785714286,0.00351075
0.312,0.00291616,0.005689488,0.0038468,0.0035304
0.314,0.00293277,0.005720286,0.00386808214285714,0.00355005
0.316,0.00294938,0.005751084,0.00388936428571429,0.0035697
0.318,0.00296599,0.005781882,0.00391064642857143,0.00358935
0.32,0.0029826,0.00581268,0.00393192857142857,0.003609
0.322,0.00299921,0.005843478,0.00395321071428572,0.00362865
0.324,0.00301582,0.005874276,0.00397449285714286,0.0036483
0.326,0.00303243,0.005905074,0.003995775,0.00366795
0.328,0.00304904,0.005935872,0.00401705714285714,0.0036876
0.33,0.00306565,0.00596667,0.00403833928571429,0.00370725
0.332,0.00308226,0.005997468,0.00405962142857143,0.0037269
0.334,0.00309887,0.006028266,0.00408090357142857,0.00374655
0.336,0.00311548,0.006059064,0.00410218571428572,0.0037662
0.338,0.00313209,0.006089862,0.00412346785714286,0.00378585
0.34,0.0031487,0.00612066,0.00414475,0.0038055
0.342,0.00316531,0.006151458,0.00416603214285714,0.00382515
0.344,0.00318192,0.006182256,0.00418731428571429,0.0038448
0.346,0.00319853,0.006213054,0.00420859642857143,0.00386445
0.348,0.00321514,0.006243852,0.00422987857142857,0.0038841
0.35,0.00323175,0.00627465,0.00425116071428572,0.00390375
0.352,0.00324836,0.006305448,0.00427244285714286,0.0039234
0.354,0.00326497,0.006336246,0.004293725,0.00394305
0.356,0.00328158,0.006367044,0.00431500714285714,0.0039627
0.358,0.00329819,0.006397842,0.00433628928571429,0.00398235
0.36,0.0033148,0.00642864,0.00435757142857143,0.004002
0.362,0.00333141,0.006459438,0.00437885357142857,0.00402165
0.364,0.00334802,0.006490236,0.00440013571428572,0.0040413
0.366,0.00336463,0.006521034,0.00442141785714286,0.00406095
0.368,0.00338124,0.006551832,0.0044427,0.0040806
0.37,0.00339785,0.00658263,0.00446398214285714,0.00410025
0.372,0.00341446,0.006613428,0.00448526428571429,0.0041199
0.374,0.00343107,0.006644226,0.00450654642857143,0.00413955
0.376,0.00344768,0.006675024,0.00452782857142857,0.0041592
0.378,0.00346429,0.006705822,0.00454911071428572,0.00417885
0.38,0.0034809,0.00673662,0.00457039285714286,0.0041985
0.382,0.00349751,0.006767418,0.004591675,0.00421815
0.384,0.00351412,0.006798216,0.00461295714285714,0.0042378
0.386,0.00353073,0.006829014,0.00463423928571429,0.00425745
0.388,0.00354734,0.006859812,0.00465552142857143,0.0042771
0.39,0.00356395,0.00689061,0.00467680357142857,0.00429675
0.392,0.00358056,0.006921408,0.00469808571428572,0.0043164
0.394,0.00359717,0.006952206,0.00471936785714286,0.00433605
0.396,0.00361378,0.006983004,0.00474065,0.0043557
0.398,0.00363039,0.007013802,0.00476193214285715,0.00437535
0.4,0.003647,0.0070446,0.00478321428571429,0.004395
0.402,0.00366361,0.007075398,0.00480449642857143,0.00441465
0.404,0.00368022,0.007106196,0.00482577857142857,0.0044343
0.406,0.00369683,0.007136994,0.00484706071428572,0.00445395
0.408,0.00371344,0.007167792,0.00486834285714286,0.0044736
0.41,0.00373005,0.00719859,0.004889625,0.00449325
0.412,0.00374666,0.007229388,0.00491090714285715,0.0045129
0.414,0.00376327,0.007260186,0.00493218928571429,0.00453255
0.416,0.00377988,0.007290984,0.00495347142857143,0.0045522
0.418,0.00379649,0.007321782,0.00497475357142857,0.00457185
0.42,0.0038131,0.00735258,0.00499603571428572,0.0045915
0.422,0.00382971,0.007383378,0.00501731785714286,0.00461115
0.424,0.00384632,0.007414176,0.0050386,0.0046308
0.426,0.00386293,0.007444974,0.00505988214285715,0.00465045
0.428,0.00387954,0.007475772,0.00508116428571429,0.0046701
0.43,0.00389615,0.00750657,0.00510244642857143,0.00468975
0.432,0.00391276,0.007537368,0.00512372857142857,0.0047094
0.434,0.00392937,0.007568166,0.00514501071428572,0.00472905
0.436,0.00394598,0.007598964,0.00516629285714286,0.0047487
0.438,0.00396259,0.007629762,0.005187575,0.00476835
0.44,0.0039792,0.00766056,0.00520885714285714,0.004788
0.442,0.00399581,0.007691358,0.00523013928571429,0.00480765
0.444,0.00401242,0.007722156,0.00525142142857143,0.0048273
0.446,0.00402903,0.007752954,0.00527270357142857,0.00484695
0.448,0.00404564,0.007783752,0.00529398571428572,0.0048666
0.45,0.00406225,0.00781455,0.00531526785714286,0.00488625
0.452,0.00407886,0.007845348,0.00533655,0.0049059
0.454,0.00409547,0.007876146,0.00535783214285714,0.00492555
0.456,0.00411208,0.007906944,0.00537911428571429,0.0049452
0.458,0.00412869,0.007937742,0.00540039642857143,0.00496485
0.46,0.0041453,0.00796854,0.00542167857142857,0.0049845
0.462,0.00416191,0.007999338,0.00544296071428572,0.00500415
0.464,0.00417852,0.008030136,0.00546424285714286,0.0050238
0.466,0.00419513,0.008060934,0.005485525,0.00504345
0.468,0.00421174,0.008091732,0.00550680714285715,0.0050631
0.47,0.00422835,0.00812253,0.00552808928571429,0.00508275
0.472,0.00424496,0.008153328,0.00554937142857143,0.0051024
0.474,0.00426157,0.008184126,0.00557065357142857,0.00512205
0.476,0.00427818,0.008214924,0.00559193571428572,0.0051417
0.478,0.00429479,0.008245722,0.00561321785714286,0.00516135
0.48,0.0043114,0.00827652,0.0056345,0.005181
0.482,0.00432801,0.008307318,0.00565578214285714,0.00520065
0.484,0.00434462,0.008338116,0.00567706428571429,0.0052203
0.486,0.00436123,0.008368914,0.00569834642857143,0.00523995
0.488,0.00437784,0.008399712,0.00571962857142857,0.0052596
0.49,0.00439445,0.00843051,0.00574091071428572,0.00527925
0.492,0.00441106,0.008461308,0.00576219285714286,0.0052989
0.494,0.00442767,0.008492106,0.005783475,0.00531855
0.496,0.00444428,0.008522904,0.00580475714285715,0.0053382
0.498,0.00446089,0.008553702,0.00582603928571429,0.00535785
0.5,0.0044775,0.0085845,0.00584732142857143,0.0053775
0.502,0.00449411,0.008615298,0.00586860357142857,0.00539715
0.504,0.00451072,0.008646096,0.00588988571428572,0.0054168
0.506,0.00452733,0.008676894,0.00591116785714286,0.00543645
0.508,0.00454394,0.008707692,0.00593245,0.0054561
0.51,0.00456055,0.00873849,0.00595373214285715,0.00547575
0.512,0.00457716,0.008769288,0.00597501428571429,0.0054954
0.514,0.00459377,0.008800086,0.00599629642857143,0.00551505
0.516,0.00461038,0.008830884,0.00601757857142857,0.0055347
0.518,0.00462699,0.008861682,0.00603886071428572,0.00555435
0.52,0.0046436,0.00889248,0.00606014285714286,0.005574
0.522,0.00466021,0.008923278,0.006081425,0.00559365
0.524,0.00467682,0.008954076,0.00610270714285715,0.0056133
0.526,0.00469343,0.008984874,0.00612398928571429,0.00563295
0.528,0.00471004,0.009015672,0.00614527142857143,0.0056526
0.53,0.00472665,0.00904647,0.00616655357142857,0.00567225
0.532,0.00474326,0.009077268,0.00618783571428572,0.0056919
0.534,0.00475987,0.009108066,0.00620911785714286,0.00571155
0.536,0.00477648,0.009138864,0.0062304,0.0057312
0.538,0.00479309,0.009169662,0.00625168214285715,0.00575085
0.54,0.0048097,0.00920046,0.00627296428571429,0.0057705
0.542,0.00482631,0.009231258,0.00629424642857143,0.00579015
0.544,0.00484292,0.009262056,0.00631552857142857,0.0058098
0.546,0.00485953,0.009292854,0.00633681071428572,0.00582945
0.548,0.00487614,0.009323652,0.00635809285714286,0.0058491
0.55,0.00489275,0.00935445,0.006379375,0.00586875
0.552,0.00490936,0.009385248,0.00640065714285715,0.0058884
0.554,0.00492597,0.009416046,0.00642193928571429,0.00590805
0.556,0.00494258,0.009446844,0.00644322142857143,0.0059277
0.558,0.00495919,0.009477642,0.00646450357142857,0.00594735
0.56,0.0049758,0.00950844,0.00648578571428572,0.005967
0.562,0.00499241,0.009539238,0.00650706785714286,0.00598665
0.564,0.00500902,0.009570036,0.00652835,0.0060063
0.566,0.00502563,0.009600834,0.00654963214285715,0.00602595
0.568,0.00504224,0.009631632,0.00657091428571429,0.0060456
0.57,0.00505885,0.00966243,0.00659219642857143,0.00606525
0.572,0.00507546,0.009693228,0.00661347857142857,0.0060849
0.574,0.00509207,0.009724026,0.00663476071428572,0.00610455
0.576,0.00510868,0.009754824,0.00665604285714286,0.0061242
0.578,0.00512529,0.009785622,0.006677325,0.00614385
0.58,0.0051419,0.00981642,0.00669860714285715,0.0061635
0.582,0.00515851,0.009847218,0.00671988928571429,0.00618315
0.584,0.00517512,0.009878016,0.00674117142857143,0.0062028
0.586,0.00519173,0.009908814,0.00676245357142857,0.00622245
0.588,0.00520834,0.009939612,0.00678373571428572,0.0062421
0.59,0.00522495,0.00997041,0.00680501785714286,0.00626175
0.592,0.00524156,0.010001208,0.0068263,0.0062814
0.594,0.00525817,0.010032006,0.00684758214285715,0.00630105
0.596,0.00527478,0.010062804,0.00686886428571429,0.0063207
0.598,0.00529139,0.010093602,0.00689014642857143,0.00634035
0.6,0.005308,0.0101244,0.00691142857142857,0.00636
0.602,0.00532461,0.010155198,0.00693271071428572,0.00637965
0.604,0.00534122,0.010185996,0.00695399285714286,0.0063993
0.606,0.00535783,0.010216794,0.006975275,0.00641895
0.608,0.00537444,0.010247592,0.00699655714285715,0.0064386
0.61,0.00539105,0.01027839,0.00701783928571429,0.00645825
0.612,0.00540766,0.010309188,0.00703912142857143,0.0064779
0.614,0.00542427,0.010339986,0.00706040357142857,0.00649755
0.616,0.00544088,0.010370784,0.00708168571428572,0.0065172
0.618,0.00545749,0.010401582,0.00710296785714286,0.00653685
0.62,0.0054741,0.01043238,0.00712425,0.0065565
0.622,0.00549071,0.010463178,0.00714553214285715,0.00657615
0.624,0.00550732,0.010493976,0.00716681428571429,0.0065958
0.626,0.00552393,0.010524774,0.00718809642857143,0.00661545
0.628,0.00554054,0.010555572,0.00720937857142857,0.0066351
0.63,0.00555715,0.01058637,0.00723066071428572,0.00665475
0.632,0.00557376,0.010617168,0.00725194285714286,0.0066744
0.634,0.00559037,0.010647966,0.007273225,0.00669405
0.636,0.00560698,0.010678764,0.00729450714285715,0.0067137
0.638,0.00562359,0.010709562,0.00731578928571429,0.00673335
0.64,0.0056402,0.01074036,0.00733707142857143,0.006753
0.642,0.00565681,0.010771158,0.00735835357142857,0.00677265
0.644,0.00567342,0.010801956,0.00737963571428572,0.0067923
0.646,0.00569003,0.010832754,0.00740091785714286,0.00681195
0.648,0.00570664,0.010863552,0.0074222,0.0068316
0.65,0.00572325,0.01089435,0.00744348214285715,0.00685125
0.652,0.00573986,0.010925148,0.00746476428571429,0.0068709
0.654,0.00575647,0.010955946,0.00748604642857143,0.00689055
0.656,0.00577308,0.010986744,0.00750732857142857,0.0069102
0.658,0.00578969,0.011017542,0.00752861071428572,0.00692985
0.66,0.0058063,0.01104834,0.00754989285714286,0.0069495
0.662,0.00582291,0.011079138,0.007571175,0.00696915
0.664,0.00583952,0.011109936,0.00759245714285715,0.0069888
0.666,0.00585613,0.011140734,0.00761373928571429,0.00700845
0.668,0.00587274,0.011171532,0.00763502142857143,0.0070281
0.67,0.00588935,0.01120233,0.00765630357142858,0.00704775
0.672,0.00590596,0.011233128,0.00767758571428572,0.0070674
0.674,0.00592257,0.011263926,0.00769886785714286,0.00708705
0.676,0.00593918,0.011294724,0.00772015,0.0071067
0.678,0.00595579,0.011325522,0.00774143214285715,0.00712635
0.68,0.0059724,0.01135632,0.00776271428571429,0.007146
0.682,0.00598901,0.011387118,0.00778399642857143,0.00716565
0.684,0.00600562,0.011417916,0.00780527857142858,0.0071853
0.686,0.00602223,0.011448714,0.00782656071428572,0.00720495
0.688,0.00603884,0.011479512,0.00784784285714286,0.0072246
0.69,0.00605545,0.01151031,0.007869125,0.00724425
0.692,0.00607206,0.011541108,0.00789040714285715,0.0072639
0.694,0.00608867,0.011571906,0.00791168928571429,0.00728355
0.696,0.00610528,0.011602704,0.00793297142857143,0.0073032
0.698,0.00612189,0.011633502,0.00795425357142858,0.00732285
0.7,0.0061385,0.0116643,0.00797553571428572,0.0073425
0.702,0.00615511,0.011695098,0.00799681785714286,0.00736215
0.704,0.00617172,0.011725896,0.0080181,0.0073818
0.706,0.00618833,0.011756694,0.00803938214285715,0.00740145
0.708,0.00620494,0.011787492,0.00806066428571429,0.0074211
0.71,0.00622155,0.01181829,0.00808194642857143,0.00744075
0.712,0.00623816,0.011849088,0.00810322857142857,0.0074604
0.714,0.00625477,0.011879886,0.00812451071428572,0.00748005
0.716,0.00627138,0.011910684,0.00814579285714286,0.007499716
0.718,0.00628799,0.011941482,0.008167075,0.00751938466666667
0.72,0.0063046,0.01197228,0.00818835714285714,0.00753905333333334
0.722,0.00632121,0.012003078,0.00820963928571429,0.007558722
0.724,0.00633782,0.012033876,0.00823092142857143,0.00757839066666667
0.726,0.00635443,0.012064674,0.00825220357142857,0.00759805933333334
0.728,0.00637104,0.012095472,0.00827348571428572,0.007617728
0.73,0.00638765,0.01212627,0.00829476785714286,0.00763739666666667
0.732,0.00640426,0.012157068,0.00831605,0.00765706533333334
0.734,0.00642087,0.012187866,0.00833733214285715,0.007676734
0.736,0.00643748,0.012218664,0.00835861428571429,0.00769640266666667
0.738,0.00645409,0.012249462,0.00837989642857143,0.00771607133333334
0.74,0.0064707,0.01228026,0.00840117857142858,0.00773574
0.742,0.00648731,0.012311058,0.00842246071428572,0.00775540866666667
0.744,0.00650392,0.012341856,0.00844374285714286,0.00777507733333334
0.746,0.00652053,0.012372654,0.008465025,0.007794746
0.748,0.00653714,0.012403452,0.00848630714285715,0.00781441466666667
0.75,0.00655375,0.01243425,0.00850758928571429,0.00783408333333334
0.752,0.00657036,0.012465048,0.00852887142857143,0.007853752
0.754,0.00658697,0.012495846,0.00855015357142858,0.00787342066666667
0.756,0.00660358,0.012526644,0.00857143571428572,0.00789308933333334
0.758,0.00662019,0.012557442,0.00859271785714286,0.007912758
0.76,0.0066368,0.01258824,0.008614,0.00793242666666667
0.762,0.00665341,0.012619038,0.00863528214285715,0.00795209533333334
0.764,0.00667002,0.012649836,0.00865656428571429,0.007971764
0.766,0.00668663,0.012680634,0.00867784642857143,0.00799143266666667
0.768,0.00670324,0.012711432,0.00869912857142858,0.00801110133333334
0.77,0.00671985,0.01274223,0.00872041071428572,0.00803077
0.772,0.00673646,0.012773028,0.00874169285714286,0.00805043866666667
0.774,0.00675307,0.012803826,0.008762975,0.00807010733333334
0.776,0.00676968,0.012834624,0.00878425714285715,0.00808977600000001
0.778,0.00678629,0.012865422,0.00880553928571429,0.00810944466666667
0.78,0.0068029,0.01289622,0.00882682142857143,0.00812911333333334
0.782,0.00681951,0.012927018,0.00884810357142858,0.008148782
0.784,0.00683612,0.012957816,0.00886938571428572,0.00816845066666667
0.786,0.00685273,0.012988614,0.00889066785714286,0.00818811933333334
0.788,0.00686934,0.013019412,0.00891195,0.008207788
0.79,0.00688595,0.01305021,0.00893323214285715,0.00822745666666667
0.792,0.00690256,0.013081008,0.00895451428571429,0.00824712533333334
0.794,0.00691917,0.013111806,0.00897579642857143,0.008266794
0.796,0.00693578,0.013142604,0.00899707857142857,0.00828646266666667
0.798,0.00695239,0.013173402,0.00901836071428572,0.00830613133333334
0.8,0.006969,0.0132042,0.00903964285714286,0.0083258
0.802,0.00698561,0.013234998,0.009060925,0.00834546866666667
0.804,0.00700222,0.013265796,0.00908220714285715,0.00836513733333334
0.806,0.00701883,0.013296594,0.00910348928571429,0.00838480600000001
0.808,0.00703544,0.013327392,0.00912477142857143,0.00840447466666667
0.81,0.00705205,0.01335819,0.00914605357142858,0.00842414333333334
0.812,0.00706866,0.013388988,0.00916733571428572,0.00844381200000001
0.814,0.00708527,0.013419786,0.00918861785714286,0.00846348066666667
0.816,0.00710188,0.013450584,0.0092099,0.00848314933333334
0.818,0.00711849,0.013481382,0.00923118214285715,0.00850281800000001
0.82,0.0071351,0.01351218,0.00925246428571429,0.00852248666666667
0.822,0.00715171,0.013542978,0.00927374642857143,0.00854215533333334
0.824,0.00716832,0.013573776,0.00929502857142857,0.008561824
0.826,0.00718493,0.013604574,0.00931631071428572,0.00858149266666667
0.828,0.00720154,0.013635372,0.00933759285714286,0.00860116133333334
0.83,0.00721815,0.01366617,0.009358875,0.00862083
0.832,0.00723476,0.013696968,0.00938015714285715,0.00864049866666667
0.834,0.00725137,0.013727766,0.00940143928571429,0.00866016733333334
0.836,0.00726798,0.013758564,0.00942272142857143,0.008679836
0.838,0.00728459,0.013789362,0.00944400357142858,0.00869950466666667
0.84,0.0073012,0.01382016,0.00946528571428572,0.00871917333333334
0.842,0.00731781,0.013850958,0.00948656785714286,0.008738842
0.844,0.00733442,0.013881756,0.00950785,0.00875851066666667
0.846,0.00735103,0.013912554,0.00952913214285715,0.00877817933333334
0.848,0.00736764,0.013943352,0.00955041428571429,0.00879784800000001
0.85,0.00738425,0.01397415,0.00957169642857143,0.00881751666666667
0.852,0.00740086,0.014004948,0.00959297857142857,0.00883718533333334
0.854,0.00741747,0.014035746,0.00961426071428572,0.008856854
0.856,0.00743408,0.014066544,0.00963554285714286,0.00887652266666667
0.858,0.00745069,0.014097342,0.009656825,0.00889619133333334
0.86,0.0074673,0.01412814,0.00967810714285715,0.00891586
0.862,0.00748391,0.014158938,0.00969938928571429,0.00893552866666667
0.864,0.00750052,0.014189736,0.00972067142857143,0.00895519733333334
0.866,0.00751713,0.014220534,0.00974195357142858,0.008974866
0.868,0.00753374,0.014251332,0.00976323571428572,0.00899453466666667
0.87,0.00755035,0.01428213,0.00978451785714286,0.00901420333333334
0.872,0.00756696,0.014312928,0.00980580000000001,0.009033872
0.874,0.00758357,0.014343726,0.00982708214285715,0.00905354066666667
0.876,0.00760018,0.014374524,0.00984836428571429,0.00907320933333334
0.878,0.00761679,0.014405322,0.00986964642857143,0.009092878
0.88,0.0076334,0.01443612,0.00989092857142857,0.00911254666666667
0.882,0.00765001,0.014466918,0.00991221071428572,0.00913221533333334
0.884,0.00766662,0.014497716,0.00993349285714286,0.00915188400000001
0.886,0.00768323,0.014528514,0.009954775,0.00917155266666667
0.888,0.00769984,0.014559312,0.00997605714285715,0.00919122133333334
0.89,0.00771645,0.01459011,0.00999733928571429,0.00921089
0.892,0.00773306,0.014620908,0.0100186214285714,0.00923055866666667
0.894,0.00774967,0.014651706,0.0100399035714286,0.00925022733333334
0.896,0.00776628,0.014682504,0.0100611857142857,0.009269896
0.898,0.00778289,0.014713302,0.0100824678571429,0.00928956466666667
0.9,0.0077995,0.0147441,0.01010375,0.00930923333333334
0.902,0.00781611,0.014774898,0.0101250321428571,0.009328902
0.904,0.00783272,0.014805696,0.0101463142857143,0.00934857066666667
0.906,0.00784933,0.014836494,0.0101675964285714,0.00936823933333334
0.908,0.00786594,0.014867292,0.0101888785714286,0.009387908
0.91,0.00788255,0.01489809,0.0102101607142857,0.00940757666666667
0.912,0.00789916,0.014928888,0.0102314428571429,0.00942724533333334
0.914,0.00791577,0.014959686,0.010252725,0.00944691400000001
0.916,0.00793238,0.014990484,0.0102740071428571,0.00946658266666667
0.918,0.00794899,0.015021282,0.0102952892857143,0.00948625133333334
0.92,0.0079656,0.01505208,0.0103165714285714,0.00950592
0.922,0.00798221,0.015082878,0.0103378535714286,0.00952558866666667
0.924,0.00799882,0.015113676,0.0103591357142857,0.00954525733333334
0.926,0.00801543,0.015144474,0.0103804178571429,0.009564926
0.928,0.00803204,0.015175272,0.0104017,0.00958459466666667
0.93,0.00804865,0.01520607,0.0104229821428571,0.00960426333333334
0.932,0.00806526,0.015236868,0.0104442642857143,0.00962393200000001
0.934,0.00808187,0.015267666,0.0104655464285714,0.00964360066666667
0.936,0.00809848,0.015298464,0.0104868285714286,0.00966326933333334
0.938,0.00811509,0.015329262,0.0105081107142857,0.00968293800000001
0.94,0.0081317,0.01536006,0.0105293928571429,0.00970260666666667
0.942,0.00814831,0.015390858,0.010550675,0.00972227533333334
0.944,0.00816492,0.015421656,0.0105719571428571,0.00974194400000001
0.946,0.00818153,0.015452454,0.0105932392857143,0.00976161266666667
0.948,0.00819814,0.015483252,0.0106145214285714,0.00978128133333334
0.95,0.00821475,0.01551405,0.0106358035714286,0.00980095
0.952,0.00823136,0.015544848,0.0106570857142857,0.00982061866666667
0.954,0.00824797,0.015575646,0.0106783678571429,0.00984028733333334
0.956,0.00826458,0.015606444,0.01069965,0.009859956
0.958,0.00828119,0.015637242,0.0107209321428571,0.00987962466666667
0.96,0.0082978,0.01566804,0.0107422142857143,0.00989929333333334
0.962,0.00831441,0.015698838,0.0107634964285714,0.00991896200000001
0.964,0.00833102,0.015729636,0.0107847785714286,0.00993863066666667
0.966,0.00834763,0.015760434,0.0108060607142857,0.00995829933333334
0.968,0.00836424,0.015791232,0.0108273428571429,0.009977968
0.97,0.00838085,0.01582203,0.010848625,0.00999763666666667
0.972,0.00839746,0.015852828,0.0108699071428571,0.0100173053333333
0.974,0.00841407,0.015883626,0.0108911892857143,0.010036974
0.976,0.00843068,0.015914424,0.0109124714285714,0.0100566426666667
0.978,0.00844729,0.015945222,0.0109337535714286,0.0100763113333333
0.98,0.0084639,0.01597602,0.0109550357142857,0.01009598
0.982,0.00848051,0.016006818,0.0109763178571429,0.0101156486666667
0.984,0.00849712,0.016037616,0.0109976,0.0101353173333333
0.986,0.00851373,0.016068414,0.0110188821428571,0.010154986
0.988,0.00853034,0.016099212,0.0110401642857143,0.0101746546666667
0.99,0.00854695,0.01613001,0.0110614464285714,0.0101943233333333
0.992,0.00856356,0.016160808,0.0110827285714286,0.010213992
0.994,0.00858017,0.016191606,0.0111040107142857,0.0102336606666667
0.996,0.00859678,0.016222404,0.0111252928571429,0.0102533293333333
0.998,0.00861339,0.016253202,0.011146575,0.010272998
1,0.00863,0.016284,0.0111678571428571,0.0102926666666667
