rep,method,prediction_mse_times_1e4,monthly_regret_bps,mean_gross_exposure,correction_norm,selected_alpha
0,Prediction MSE,0.1353351618959894,21.580354590212135,1.237072326676249,0.0,0.0
0,Decision metric,0.08609123483122041,14.110396645605434,1.1970498688566602,0.0030064978908507724,1.0
0,Trust correction,0.0924694162212795,15.076852276788351,1.1984059354741943,0.0024999999999999996,0.831532264701691
1,Prediction MSE,0.24022795526648233,36.908460129277245,1.754242710084011,0.0,0.0
1,Decision metric,0.10488995643561472,16.712284869610837,1.49580781476484,0.006370682979125898,1.0
1,Trust correction,0.17400753215853482,26.986905582195384,1.6316923015414124,0.0025000000000000005,0.39242260338357277
2,Prediction MSE,0.5064401370872276,78.5874492483266,1.9915051630369778,0.0,0.0
2,Decision metric,0.2299589326461032,36.12102229164324,1.350393912679398,0.007963116489641542,1.0
2,Trust correction,0.3965067806595636,61.733238757602024,1.7729278056687507,0.0025000000000000005,0.3139474354358638
3,Prediction MSE,0.16765497226436998,26.662928812949154,1.5181037627962843,0.0,0.0
3,Decision metric,0.14108427014459948,22.580019753125402,1.4786328032184277,0.0012302300659173726,1.0
3,Trust correction,0.14108427014459948,22.580019753125402,1.4786328032184277,0.0012302300659173726,1.0
4,Prediction MSE,0.1706637317818907,26.27676367353321,1.2011116587212192,0.0,0.0
4,Decision metric,0.11246488337969773,17.565310209908258,1.1500804674863767,0.0033224862302910015,1.0
4,Trust correction,0.1237489488784688,19.246342185033875,1.155053095243006,0.0024999999999999996,0.7524485661392903
5,Prediction MSE,0.3780786689503214,58.30033212088884,2.0411789496131063,0.0,0.0
5,Decision metric,0.20080598206770733,31.240366998310343,1.5021180647968186,0.007453771563988226,1.0
5,Trust correction,0.2995660833145418,46.32323217280077,1.8462877057837306,0.002499999999999999,0.3354006731408799
6,Prediction MSE,0.19845340254952584,31.473931899352284,1.7007577369522213,0.0,0.0
6,Decision metric,0.18800704690501238,29.669700634589443,1.5850379734731532,0.003368037843700709,1.0
6,Trust correction,0.18695052751400745,29.563938233123725,1.6081542361501264,0.0025000000000000005,0.7422719446801309
7,Prediction MSE,0.06744517259284993,11.180582933697844,1.248696378288597,0.0,0.0
7,Decision metric,0.07360672742888728,12.110419227353782,1.3313120192746397,0.001450163822788989,1.0
7,Trust correction,0.06744517259284993,11.180582933697844,1.248696378288597,0.0,0.0
8,Prediction MSE,0.15252990425998267,23.78749283892637,1.5320998232208882,0.0,0.0
8,Decision metric,0.10698396253402777,16.581073966093374,1.5073833301719985,0.007165023667801442,1.0
8,Trust correction,0.11768388077079145,18.387249030746037,1.4823871501849226,0.0025,0.34891720054389086
9,Prediction MSE,0.13652126703151637,21.617423315190223,1.0473147346004084,0.0,0.0
9,Decision metric,0.08192006184255873,13.321014910194327,1.3544467093724597,0.008810845421898465,1.0
9,Trust correction,0.09539623313094195,15.36083509709966,1.0723203930098373,0.0025,0.2837412166812623
10,Prediction MSE,0.10875568215746134,17.057557521756046,1.0962281818115003,0.0,0.0
10,Decision metric,0.11218223967058216,17.739954274186417,1.260903594051704,0.007494745115230481,1.0
10,Trust correction,0.10875568215746134,17.057557521756046,1.0962281818115003,0.0,0.0
11,Prediction MSE,0.4273806607246759,66.0198347999455,1.6976513325870286,0.0,0.0
11,Decision metric,0.20142658252027168,31.625960223566043,1.4427595319658757,0.006256979516589931,1.0
11,Trust correction,0.3202990720974274,49.71970058511195,1.563062961818938,0.0024999999999999996,0.39955380920960826
12,Prediction MSE,0.16562223840620388,25.12085217172182,1.5949688210630535,0.0,0.0
12,Decision metric,0.10803408061827345,16.594384120100635,1.4839001809134689,0.003788072238801847,1.0
12,Trust correction,0.12330237736349121,18.83691911291215,1.5114121572641224,0.0024999999999999996,0.6599662948325242
13,Prediction MSE,0.11605345234108248,18.036653272618487,1.0816874169869073,0.0,0.0
13,Decision metric,0.09665257696614157,15.231384933583264,1.0397705767810255,0.0025529108913225186,1.0
13,Trust correction,0.1039712005675774,16.269846952307745,1.0538673965645329,0.00125,0.4896371448955846
14,Prediction MSE,0.4128539934244236,64.86365589820342,1.606400517916004,0.0,0.0
14,Decision metric,0.49785546790818525,78.1275141433059,1.9237957215902872,0.005916698893876154,1.0
14,Trust correction,0.4128539934244236,64.86365589820342,1.606400517916004,0.0,0.0
15,Prediction MSE,0.24292025039332724,37.11353780727259,1.5532464618460136,0.0,0.0
15,Decision metric,0.2776851832341776,42.49378027105147,1.5916238967929899,0.0025337379736907677,1.0
15,Trust correction,0.2770927941762353,42.402426745355605,1.5908078588036918,0.002500000000000001,0.9866845056430112
16,Prediction MSE,0.27111959756147574,41.4907946108523,1.3345713974238465,0.0,0.0
16,Decision metric,0.22935068666754632,35.03703678469903,1.3143458774383716,0.00381996531343001,1.0
16,Trust correction,0.27111959756147574,41.4907946108523,1.3345713974238465,0.0,0.0
17,Prediction MSE,0.44708832618821165,68.00420701340781,2.2918729082696787,0.0,0.0
17,Decision metric,0.3200159904646788,49.29349291491072,2.163924682430176,0.009308399422592505,1.0
17,Trust correction,0.3878075640169692,59.149518934342936,2.2215119574014532,0.0025,0.268574637432535
18,Prediction MSE,0.32956195664181365,51.42107952307497,1.5067760741019294,0.0,0.0
18,Decision metric,0.3312035223114155,51.1383617662171,1.4059229123931452,0.006812010664940741,1.0
18,Trust correction,0.31235476726371236,48.60579120811242,1.4289558819173789,0.0025000000000000005,0.36699883822359636
19,Prediction MSE,0.3632261786834587,57.12527378017132,1.6411624219020453,0.0,0.0
19,Decision metric,0.15642926953772002,25.290452284579573,1.2754300533405436,0.00628266362174174,1.0
19,Trust correction,0.26689296324535267,42.319262317045116,1.4754972874594006,0.002499999999999999,0.397920396589198
20,Prediction MSE,0.250299113146634,38.15710588078105,1.8658008784889164,0.0,0.0
20,Decision metric,0.08861126442415847,13.998278176242701,1.3196283730118654,0.007864835000765251,1.0
20,Trust correction,0.17757833853432672,27.230983671157194,1.670830224608668,0.002500000000000001,0.3178706228111269
21,Prediction MSE,0.07956317939651467,13.153501322754247,1.1692407689867448,0.0,0.0
21,Decision metric,0.0643086950478622,10.784979064726974,1.2208612470147344,0.0026484954514793962,1.0
21,Trust correction,0.06456624118164456,10.826770655781212,1.2167605246464848,0.0024999999999999996,0.9439321478175657
22,Prediction MSE,0.21358828944423627,33.11993024529011,1.7623109280466644,0.0,0.0
22,Decision metric,0.19397477324920848,29.994124912988127,1.6788127204018428,0.0028492715543740293,1.0
22,Trust correction,0.19497911669894472,30.16415353807676,1.6865228349341772,0.0025,0.8774172458789165
23,Prediction MSE,0.33533638378713715,52.399077247364325,1.4180827114871182,0.0,0.0
23,Decision metric,0.19676503811565507,30.90360991369973,1.1622087382453972,0.005604935507602103,1.0
23,Trust correction,0.2609015530628802,40.88885172242326,1.272543699594065,0.0025,0.4460354622473698
24,Prediction MSE,0.3946580671176009,60.18862774201424,1.7174798248545033,0.0,0.0
24,Decision metric,0.13249439638948504,20.5099854532478,1.3625394288939054,0.009281515643106338,1.0
24,Trust correction,0.296879114841144,45.36526911730888,1.5789019839236744,0.0025000000000000005,0.2693525600915003
25,Prediction MSE,0.16368837703283617,25.889235103449753,1.6113704958001582,0.0,0.0
25,Decision metric,0.10240534069166046,16.748012378363885,1.1252219456386576,0.01040734398965944,1.0
25,Trust correction,0.11747406768009008,18.898512477191613,1.439601753818307,0.0025000000000000005,0.2402149868865637
26,Prediction MSE,0.43245847033247553,66.94627489766097,2.4274660877943495,0.0,0.0
26,Decision metric,0.2979433834364319,46.15880482473503,2.0947870088693863,0.005491374738884876,1.0
26,Trust correction,0.3600557312376141,55.78293542106605,2.267380437368813,0.0025000000000000005,0.45525940568165824
27,Prediction MSE,0.104100999551582,16.36217409467396,1.2080429942254685,0.0,0.0
27,Decision metric,0.14747305164790822,23.106756644225218,1.2436493114150127,0.0036967454903292975,1.0
27,Trust correction,0.12859755266417489,20.18725174092384,1.2191309364699083,0.0024999999999999996,0.676270521338299
28,Prediction MSE,0.07252770858509104,12.324740187964757,1.3458485370074529,0.0,0.0
28,Decision metric,0.11417705105066629,18.333865175336395,1.2173906068031435,0.008713789285695902,1.0
28,Trust correction,0.060838686982222834,10.449821386976954,1.2492247724932348,0.0024999999999999996,0.2869015898862586
29,Prediction MSE,0.3585736793652332,56.262773720503034,1.8831485274005362,0.0,0.0
29,Decision metric,0.18754545354156815,29.70723335459537,1.4029690509195938,0.007117063218411116,1.0
29,Trust correction,0.2786780427250483,43.9172206222197,1.6949795398081284,0.0024999999999999996,0.35126848297943386
30,Prediction MSE,0.1263027826717975,20.47905214866374,1.672640229003199,0.0,0.0
30,Decision metric,0.25261686767095737,39.41485669153686,1.99621358189029,0.005627675980801013,1.0
30,Trust correction,0.1263027826717975,20.47905214866374,1.672640229003199,0.0,0.0
31,Prediction MSE,0.1359262030141069,21.561445493807287,1.2301117683154348,0.0,0.0
31,Decision metric,0.23406011502418458,36.865168470173494,1.3845912212308655,0.005575974190963837,1.0
31,Trust correction,0.1359262030141069,21.561445493807287,1.2301117683154348,0.0,0.0
32,Prediction MSE,0.11245547594503637,18.193534575055075,1.0886805039134404,0.0,0.0
32,Decision metric,0.20874036983620514,32.70257295768927,1.6497883184023971,0.009883713378350773,1.0
32,Trust correction,0.10553881567141046,17.102423459940407,1.1731882472079742,0.0025,0.252941369736195
33,Prediction MSE,0.28300728247328494,43.881854376863906,1.7670204402831196,0.0,0.0
33,Decision metric,0.17318110664822084,27.551717230139314,1.479359331141358,0.007479046351057847,1.0
33,Trust correction,0.22786508637387426,35.61710576537757,1.6410286607144553,0.0025,0.3342672157188057
34,Prediction MSE,0.21067859959641566,33.39387778264047,1.9451878431650789,0.0,0.0
34,Decision metric,0.11387931382498423,18.54642350341809,1.6111577934303247,0.003999276841722886,1.0
34,Trust correction,0.14445154282841152,23.24218985336785,1.7327297117553735,0.0024999999999999996,0.6251130139125356
35,Prediction MSE,0.17052804147452258,26.402838584773715,1.506089387530938,0.0,0.0
35,Decision metric,0.15771903841480756,24.48756341869706,1.7089742215944312,0.0070256480109150395,1.0
35,Trust correction,0.14868611269089121,23.089809296167765,1.540833258978967,0.0025,0.3558390622638656
36,Prediction MSE,0.11649834707457091,17.84143709980622,1.3579419217108153,0.0,0.0
36,Decision metric,0.12567667041770636,19.448501090675546,1.517783018375681,0.004934591689727503,1.0
36,Trust correction,0.11649834707457091,17.84143709980622,1.3579419217108153,0.0,0.0
37,Prediction MSE,0.1911241945502591,31.072541066059358,1.666842123925873,0.0,0.0
37,Decision metric,0.16810540058659912,27.39996641799761,1.5959318750361604,0.0046569812832565225,1.0
37,Trust correction,0.17038951772933322,27.825512842150946,1.6133253608854075,0.0024999999999999996,0.5368284405583451
38,Prediction MSE,0.1340296855572098,21.213870299332726,1.3506278537769985,0.0,0.0
38,Decision metric,0.18940136032746835,29.417840891627392,1.5092483400750174,0.003252152066583982,1.0
38,Trust correction,0.1340296855572098,21.213870299332726,1.3506278537769985,0.0,0.0
39,Prediction MSE,0.09222054807176902,15.247418971212179,1.3827143135371056,0.0,0.0
39,Decision metric,0.18719472453155908,29.644109082188553,1.2159349345125454,0.008569125770872144,1.0
39,Trust correction,0.09565127803131106,15.751312229081416,1.2728382958008209,0.0025000000000000005,0.29174504690990855
40,Prediction MSE,0.31378907181662924,47.870033564051475,1.9677822953453734,0.0,0.0
40,Decision metric,0.43649922910085637,66.48649280481847,2.185575170017018,0.0036427785309222,1.0
40,Trust correction,0.31378907181662924,47.870033564051475,1.9677822953453734,0.0,0.0
41,Prediction MSE,0.23623637551033144,37.83430596757953,1.6046867830574985,0.0,0.0
41,Decision metric,0.33898209430058235,53.35711460460042,1.507428944029931,0.008962372405835492,1.0
41,Trust correction,0.23623637551033144,37.83430596757953,1.6046867830574985,0.0,0.0
42,Prediction MSE,0.1800396622769934,29.10197423444509,1.3793903408278985,0.0,0.0
42,Decision metric,0.19172611486243177,31.05335212958251,1.5158811416090083,0.006248327560951603,1.0
42,Trust correction,0.17130625396047178,27.841167486824226,1.402368672222623,0.0025,0.40010706474858004
43,Prediction MSE,0.08077032790754578,12.895063518817555,1.4070921072425489,0.0,0.0
43,Decision metric,0.16442952393778695,25.90085329839491,1.8589363137292312,0.006121158504434943,1.0
43,Trust correction,0.08077032790754578,12.895063518817555,1.4070921072425489,0.0,0.0
44,Prediction MSE,0.21781462821470093,33.61941361570179,1.733865925845514,0.0,0.0
44,Decision metric,0.2752122349558664,42.101768540020224,1.9545050852084518,0.008989527288141426,1.0
44,Trust correction,0.2093434368313671,32.25834285531759,1.7500363782546788,0.0025,0.2781013861872232
45,Prediction MSE,0.1969943057954009,31.376743692743993,1.5167470630189814,0.0,0.0
45,Decision metric,0.3183086974097539,50.02371460379293,1.7106323864160082,0.0036162402035730366,1.0
45,Trust correction,0.1969943057954009,31.376743692743993,1.5167470630189814,0.0,0.0
46,Prediction MSE,0.1622735346507893,25.80825114470119,1.8857293327632576,0.0,0.0
46,Decision metric,0.13743599506217016,21.776291166531184,1.7859139287626489,0.003753007832333452,1.0
46,Trust correction,0.15494098898584624,24.650161384740958,1.8647196220239268,0.0006250000000000001,0.1665330923680495
47,Prediction MSE,0.3297691845294185,50.57915442013918,1.4937181493030425,0.0,0.0
47,Decision metric,0.3187241204106046,48.67246895039094,1.682194801150156,0.006412757780959031,1.0
47,Trust correction,0.31787918872721693,48.72502293119605,1.5099459788604537,0.0012499999999999996,0.19492393798367696
48,Prediction MSE,0.4563342629402226,69.57414889680055,1.9838834873130406,0.0,0.0
48,Decision metric,0.4105033904969916,62.88867122201621,1.9022307267938379,0.005474858549126644,1.0
48,Trust correction,0.4241010488881982,64.8000949459807,1.9216245029259342,0.0025,0.45663280202897716
49,Prediction MSE,0.1509670320103649,24.128290138917805,1.5156453903482794,0.0,0.0
49,Decision metric,0.3087374603189419,48.486275695559904,2.02868963092822,0.007412664385650884,1.0
49,Trust correction,0.1509670320103649,24.128290138917805,1.5156453903482794,0.0,0.0
50,Prediction MSE,0.2624224873023994,40.25922845643818,1.387425256635312,0.0,0.0
50,Decision metric,0.20928144392859746,32.49852012530153,1.239690298967283,0.004163822507309319,1.0
50,Trust correction,0.22402175628078239,34.610856903893556,1.2836533004035289,0.0024999999999999996,0.6004098387026375
51,Prediction MSE,0.2458341073904317,37.63100989207905,1.3870551423588535,0.0,0.0
51,Decision metric,0.16507130057380343,25.592399846141056,1.4092648436851414,0.006521390342033185,1.0
51,Trust correction,0.19980562284710335,30.721886009681334,1.3575055510450893,0.0025,0.3833538354369646
52,Prediction MSE,0.13387623715528418,21.102038454030126,1.475165830446611,0.0,0.0
52,Decision metric,0.19490929976330518,30.228489394213575,1.6615680075776282,0.0030414508379239097,1.0
52,Trust correction,0.13387623715528418,21.102038454030126,1.475165830446611,0.0,0.0
53,Prediction MSE,0.11463099454121088,18.138608294391187,1.4183999098407565,0.0,0.0
53,Decision metric,0.1946954948292777,30.33767398281102,1.4769450149980259,0.004795339074040521,1.0
53,Trust correction,0.11463099454121088,18.138608294391187,1.4183999098407565,0.0,0.0
54,Prediction MSE,0.14736661503711485,23.006439067101525,1.518689580723019,0.0,0.0
54,Decision metric,0.0924240101685104,15.012363828205494,1.1796200471726743,0.006351823317462158,1.0
54,Trust correction,0.1107500557097837,17.57755279332631,1.3549076807183849,0.0025000000000000005,0.3935877739431304
55,Prediction MSE,0.12073531165226857,19.537844669105365,1.4611967804366082,0.0,0.0
55,Decision metric,0.13154720447111803,20.76913543998549,1.5655151620683154,0.0052892791294416215,1.0
55,Trust correction,0.12073531165226857,19.537844669105365,1.4611967804366082,0.0,0.0
56,Prediction MSE,0.4766875756200754,74.33357911977039,2.291565822724444,0.0,0.0
56,Decision metric,0.30249038182582166,47.55989118578684,2.0035826432248873,0.004066566116776821,1.0
56,Trust correction,0.36354523152984053,56.95262932964864,2.1117333781648426,0.002500000000000001,0.6147692987668701
57,Prediction MSE,0.9035519632243181,138.9978005031881,2.5472377983079793,0.0,0.0
57,Decision metric,0.5406663293475299,83.7519555584409,2.049513580269309,0.006057631004136888,1.0
57,Trust correction,0.7406552600799996,114.19820919307118,2.3361674212987342,0.0025000000000000014,0.41270258922880837
58,Prediction MSE,0.18794557489196223,29.58606882357927,1.354002437275707,0.0,0.0
58,Decision metric,0.10942296430092108,17.655513778323968,1.3953989474606294,0.006107534399427341,1.0
58,Trust correction,0.14228243336989604,22.643879168577374,1.3363395338426636,0.0025,0.4093304820738147
59,Prediction MSE,0.35803454224849923,54.734761581753794,1.9006314765882895,0.0,0.0
59,Decision metric,0.25835236395477745,39.41124911203007,1.9186983784845717,0.008322764317329086,1.0
59,Trust correction,0.305496666204448,46.6917269683273,1.8572494233081995,0.002500000000000001,0.30038096775066336
