"lambda","method","w0","good","bad","static","nested","mean_return","cvar","worst","good_risk","bad_risk","revisions","good_reoptimized","bad_reoptimized"
0.1,"static",1,1,1,-0.095944,-0.0860098000000001,0.12936,0.2048,-0.32,-0.16941,0.15136,0,1,1
0.1,"nested",1,1,1,-0.095944,-0.0860098000000001,0.12936,0.2048,-0.32,-0.16941,0.15136,0,1,1
0.25,"static",0.9,1,1,-0.0466011999999999,-0.0250195375,0.1260696,0.191804,-0.30215,-0.12072975,0.152728,0,1,1
0.25,"nested",0.05,1,1,-0.0395601999999999,-0.03841373125,0.0981011999999999,0.1360628,-0.340575,-0.0421451249999999,-0.0314840000000001,0,1,1
0.35,"static",0.1,0,1,-0.0236044599999999,-0.0179023719999999,0.0369759999999999,0.00122840000000011,-0.15935,-0.0291899999999998,-0.00165919999999999,0,0,1
0.35,"nested",0,0,1,-0.0202414,-0.02046764,0.03424,0.00575600000000001,-0.1415,-0.0201,-0.022928,0,0,1
0.4,"static",0.1,0,1,-0.0216942399999999,-0.0128989119999999,0.0369759999999999,0.00122840000000011,-0.15935,-0.0291899999999998,0.00783520000000001,1,0,0
0.4,"nested",0,0,0,-0.0201,-0.0201,0.0201,-0.0201,0.0201,-0.0201,-0.0201,0,0,0
0.5,"static",0,0,0,-0.0201,-0.0201,0.0201,-0.0201,0.0201,-0.0201,-0.0201,0,0,0
0.5,"nested",0,0,0,-0.0201,-0.0201,0.0201,-0.0201,0.0201,-0.0201,-0.0201,0,0,0
