rep,scenario,method,average_asset_coverage,simultaneous_coverage,loss_bound_coverage,risky_exposure_pct,mean_interval_q,mean_return_bps,loss_limit
0,Stationary,Marginal boxes,0.8938333333333334,0.496,1.0,78.62080369053184,1.6372927924097944,25.4881293785277,0.04
0,Stationary,Joint max score,0.9821666666666666,0.901,1.0,52.66643828155211,2.398490893165892,17.07396681049323,0.04
0,Shifted,Marginal boxes,0.6225,0.052,0.947,78.62080369053184,1.6372927924097944,-73.62498872825853,0.04
0,Shifted,Joint max score,0.7996666666666666,0.25,0.997,52.66643828155211,2.398490893165892,-49.3198459290714,0.04
1,Stationary,Marginal boxes,0.9086666666666666,0.558,1.0,75.68009014176805,1.6938322082275794,30.678387314720993,0.04
1,Stationary,Joint max score,0.9813333333333333,0.893,1.0,53.21194247960322,2.375132859432776,21.57048938630909,0.04
1,Shifted,Marginal boxes,0.644,0.077,0.964,75.68009014176805,1.6938322082275794,-59.81263984898964,0.04
1,Shifted,Joint max score,0.8071666666666667,0.275,0.997,53.21194247960322,2.375132859432776,-42.05527167364055,0.04
2,Stationary,Marginal boxes,0.9115,0.575,1.0,76.41464197736691,1.6913630784346638,30.400492988696772,0.04
2,Stationary,Joint max score,0.9886666666666667,0.936,1.0,49.95893569679096,2.5219727067105637,19.875461496278284,0.04
2,Shifted,Marginal boxes,0.6421666666666667,0.063,0.957,76.41464197736691,1.6913630784346638,-61.429368425943515,0.04
2,Shifted,Joint max score,0.8298333333333333,0.334,0.999,49.95893569679096,2.5219727067105637,-40.16175156582135,0.04
3,Stationary,Marginal boxes,0.909,0.547,1.0,76.68787786391546,1.67376215488551,32.661751928475695,0.04
3,Stationary,Joint max score,0.9805,0.89,1.0,54.72018122761961,2.3129751932077096,23.30559971824069,0.04
3,Shifted,Marginal boxes,0.6395,0.065,0.963,76.68787786391546,1.67376215488551,-57.77442088189523,0.04
3,Shifted,Joint max score,0.7946666666666666,0.243,0.993,54.72018122761961,2.3129751932077096,-41.22459597314857,0.04
4,Stationary,Marginal boxes,0.8945,0.509,1.0,81.64123991286905,1.6188585313031194,31.42951629691317,0.04
4,Stationary,Joint max score,0.9841666666666666,0.908,1.0,51.91118573355191,2.4316405126234675,19.984305232821153,0.04
4,Shifted,Marginal boxes,0.612,0.057,0.943,81.64123991286905,1.6188585313031194,-67.52155533311728,0.04
4,Shifted,Joint max score,0.8138333333333333,0.282,0.997,51.91118573355191,2.4316405126234675,-42.933252895920845,0.04
5,Stationary,Marginal boxes,0.9043333333333333,0.54,1.0,78.87774952867062,1.6524411122234115,32.7655851142707,0.04
5,Stationary,Joint max score,0.989,0.935,1.0,50.113295412276095,2.514574114768832,20.816915492634458,0.04
5,Shifted,Marginal boxes,0.6336666666666667,0.063,0.955,78.87774952867062,1.6524411122234115,-60.91612607789213,0.04
5,Shifted,Joint max score,0.827,0.315,0.995,50.113295412276095,2.514574114768832,-38.70176113991766,0.04
6,Stationary,Marginal boxes,0.8918333333333334,0.515,1.0,83.07071946003357,1.5779754062813873,35.77857026225146,0.04
6,Stationary,Joint max score,0.9791666666666666,0.88,1.0,55.04290491884638,2.3001174951962366,23.70698669613492,0.04
6,Shifted,Marginal boxes,0.6123333333333333,0.053,0.948,83.07071946003357,1.5779754062813873,-61.86606710719841,0.04
6,Shifted,Joint max score,0.7871666666666667,0.238,0.998,55.04290491884638,2.3001174951962366,-40.992639423603656,0.04
7,Stationary,Marginal boxes,0.8881666666666667,0.491,1.0,82.3145198182093,1.5930154046301988,29.93939401569505,0.04
7,Stationary,Joint max score,0.9813333333333333,0.897,1.0,54.77649264203147,2.3107207674687955,19.923277201026835,0.04
7,Shifted,Marginal boxes,0.6095,0.058,0.929,82.3145198182093,1.5930154046301988,-71.22716089542705,0.04
7,Shifted,Joint max score,0.7893333333333333,0.255,0.992,54.77649264203147,2.3107207674687955,-47.39836985403953,0.04
8,Stationary,Marginal boxes,0.8851666666666667,0.467,1.0,78.88336343254943,1.6133938156707919,30.490392552265046,0.04
8,Stationary,Joint max score,0.9791666666666666,0.881,1.0,54.57611642317705,2.318763999063868,21.095033747434716,0.04
8,Shifted,Marginal boxes,0.6158333333333333,0.045,0.947,78.88336343254943,1.6133938156707919,-65.02000582339805,0.04
8,Shifted,Joint max score,0.7873333333333333,0.229,0.995,54.57611642317705,2.318763999063868,-44.98463621784663,0.04
9,Stationary,Marginal boxes,0.9055,0.538,0.999,77.555181373069,1.6729294375654318,24.240526776508524,0.04
9,Stationary,Joint max score,0.9878333333333333,0.928,1.0,51.29354883187322,2.459475484399188,16.03223178526321,0.04
9,Shifted,Marginal boxes,0.6386666666666667,0.064,0.944,77.555181373069,1.6729294375654318,-74.25092748934955,0.04
9,Shifted,Joint max score,0.8211666666666667,0.311,0.997,51.29354883187322,2.459475484399188,-49.108177010973506,0.04
10,Stationary,Marginal boxes,0.902,0.543,1.0,79.06967275535426,1.6432157760114086,28.56124925771957,0.04
10,Stationary,Joint max score,0.9811666666666666,0.892,1.0,54.35583277321463,2.327674758671592,19.63420910125847,0.04
10,Shifted,Marginal boxes,0.6201666666666666,0.053,0.953,79.06967275535426,1.6432157760114086,-68.77565392424324,0.04
10,Shifted,Joint max score,0.792,0.241,0.995,54.35583277321463,2.327674758671592,-47.27928943302099,0.04
11,Stationary,Marginal boxes,0.9056666666666666,0.531,1.0,77.83569321476476,1.6514257477581538,34.45347089599634,0.04
11,Stationary,Joint max score,0.9858333333333333,0.922,1.0,51.69276124662613,2.4414082031230655,22.88146956217359,0.04
11,Shifted,Marginal boxes,0.6405,0.059,0.957,77.83569321476476,1.6514257477581538,-56.29400607364902,0.04
11,Shifted,Joint max score,0.8193333333333334,0.287,0.998,51.69276124662613,2.4414082031230655,-37.38635188295926,0.04
12,Stationary,Marginal boxes,0.8958333333333334,0.514,1.0,79.23044869923241,1.6289721915474413,31.161781358913224,0.04
12,Stationary,Joint max score,0.9838333333333333,0.908,1.0,52.192168046179965,2.419195540101405,20.527473414630226,0.04
12,Shifted,Marginal boxes,0.6245,0.057,0.951,79.23044869923241,1.6289721915474413,-64.33907557678947,0.04
12,Shifted,Joint max score,0.8111666666666667,0.284,0.996,52.192168046179965,2.419195540101405,-42.38264328385914,0.04
13,Stationary,Marginal boxes,0.912,0.578,1.0,75.20180123382607,1.7008455756116874,27.665396496252278,0.04
13,Stationary,Joint max score,0.9828333333333333,0.901,1.0,52.865557319148216,2.389908917739439,19.44829219824229,0.04
13,Shifted,Marginal boxes,0.6506666666666666,0.075,0.961,75.20180123382607,1.7008455756116874,-64.50902418216155,0.04
13,Shifted,Joint max score,0.8108333333333333,0.303,0.994,52.865557319148216,2.389908917739439,-45.34872116826918,0.04
14,Stationary,Marginal boxes,0.9171666666666667,0.591,1.0,74.96970130676198,1.733966834321964,28.346320662519382,0.04
14,Stationary,Joint max score,0.9913333333333333,0.948,1.0,49.10952456570733,2.5635178524166515,18.568492426391103,0.04
14,Shifted,Marginal boxes,0.6511666666666667,0.086,0.96,74.96970130676198,1.733966834321964,-62.93056879374334,0.04
14,Shifted,Joint max score,0.8403333333333334,0.342,0.998,49.10952456570733,2.5635178524166515,-41.22319097237118,0.04
15,Stationary,Marginal boxes,0.9076666666666666,0.562,1.0,78.38025122426883,1.64007915944277,31.99820245940409,0.04
15,Stationary,Joint max score,0.9833333333333333,0.904,1.0,53.640795194705625,2.35710330103093,21.89848843189431,0.04
15,Shifted,Marginal boxes,0.636,0.069,0.958,78.38025122426883,1.64007915944277,-61.541217433961265,0.04
15,Shifted,Joint max score,0.81,0.29,0.997,53.640795194705625,2.35710330103093,-42.1167295185428,0.04
16,Stationary,Marginal boxes,0.9131666666666667,0.583,1.0,76.10388902720294,1.7029037980526545,33.398688691507935,0.04
16,Stationary,Joint max score,0.9846666666666667,0.912,1.0,52.4468343550067,2.408031326881115,23.016635757626418,0.04
16,Shifted,Marginal boxes,0.6471666666666667,0.062,0.962,76.10388902720294,1.7029037980526545,-55.5602716766342,0.04
16,Shifted,Joint max score,0.8113333333333334,0.278,0.997,52.4468343550067,2.408031326881115,-38.28924385588264,0.04
17,Stationary,Marginal boxes,0.9045,0.55,1.0,76.56534254167592,1.6767255895643922,25.34501465430688,0.04
17,Stationary,Joint max score,0.9766666666666667,0.866,1.0,54.98780871867781,2.3023019101184765,18.202319372169132,0.04
17,Shifted,Marginal boxes,0.639,0.067,0.954,76.56534254167592,1.6767255895643922,-70.75829428559501,0.04
17,Shifted,Joint max score,0.7868333333333334,0.233,0.994,54.98780871867781,2.3023019101184765,-50.817294382485834,0.04
18,Stationary,Marginal boxes,0.8961666666666667,0.524,1.0,77.29522843314292,1.664232768679285,33.904785166847766,0.04
18,Stationary,Joint max score,0.9865,0.921,1.0,50.95651289600717,2.474949214144576,22.351568882226555,0.04
18,Shifted,Marginal boxes,0.6363333333333333,0.057,0.963,77.29522843314292,1.664232768679285,-56.46013391805129,0.04
18,Shifted,Joint max score,0.8195,0.302,0.996,50.95651289600717,2.474949214144576,-37.22107561392311,0.04
19,Stationary,Marginal boxes,0.9066666666666666,0.557,1.0,76.02149502801477,1.6885471733668636,27.235068121917084,0.04
19,Stationary,Joint max score,0.9798333333333333,0.886,1.0,53.94326825710226,2.3445593171711576,19.32543664340763,0.04
19,Shifted,Marginal boxes,0.6346666666666667,0.076,0.948,76.02149502801477,1.6885471733668636,-66.5295498231317,0.04
19,Shifted,Joint max score,0.7876666666666666,0.23,0.994,53.94326825710226,2.3445593171711576,-47.207981792661705,0.04
20,Stationary,Marginal boxes,0.8993333333333333,0.516,1.0,78.94839144152816,1.674961406050967,30.154941865194782,0.04
20,Stationary,Joint max score,0.9858333333333333,0.916,1.0,50.286278179364515,2.5063368764730583,19.207228512550913,0.04
20,Shifted,Marginal boxes,0.6315,0.06,0.944,78.94839144152816,1.674961406050967,-65.72265963377221,0.04
20,Shifted,Joint max score,0.8251666666666667,0.307,0.999,50.286278179364515,2.5063368764730583,-41.86213151004243,0.04
21,Stationary,Marginal boxes,0.8981666666666667,0.512,1.0,79.87402141491098,1.6112343392518345,34.98964780754262,0.04
21,Stationary,Joint max score,0.9881666666666666,0.929,1.0,51.65963613115231,2.4428967330576374,22.63004218487222,0.04
21,Shifted,Marginal boxes,0.6161666666666666,0.06,0.959,79.87402141491098,1.6112343392518345,-58.42714649708799,0.04
21,Shifted,Joint max score,0.818,0.3,0.999,51.65963613115231,2.4428967330576374,-37.78857098658151,0.04
22,Stationary,Marginal boxes,0.9076666666666666,0.561,1.0,77.28261358121026,1.6651216291893547,31.38947808132801,0.04
22,Stationary,Joint max score,0.9845,0.908,1.0,51.8658859454696,2.433659504942512,21.066097723819777,0.04
22,Shifted,Marginal boxes,0.634,0.076,0.962,77.28261358121026,1.6651216291893547,-60.96851209704917,0.04
22,Shifted,Joint max score,0.8166666666666667,0.287,0.998,51.8658859454696,2.433659504942512,-40.9171707342382,0.04
23,Stationary,Marginal boxes,0.8923333333333333,0.507,1.0,80.0663289985239,1.6002790035260324,35.3857167560841,0.04
23,Stationary,Joint max score,0.9878333333333333,0.929,1.0,50.63173765004378,2.4900549412191904,22.376951082468626,0.04
23,Shifted,Marginal boxes,0.6203333333333333,0.056,0.952,80.0663289985239,1.6002790035260324,-58.00652991680494,0.04
23,Shifted,Joint max score,0.8261666666666667,0.321,0.993,50.63173765004378,2.4900549412191904,-36.68172927962303,0.04
24,Stationary,Marginal boxes,0.9085,0.556,1.0,76.94975450541462,1.6650036519888467,28.888908724723635,0.04
24,Stationary,Joint max score,0.9815,0.895,1.0,54.347400922191255,2.3280172733890816,20.40340628450826,0.04
24,Shifted,Marginal boxes,0.6301666666666667,0.07,0.95,76.94975450541462,1.6650036519888467,-64.96359114372768,0.04
24,Shifted,Joint max score,0.8018333333333333,0.26,0.991,54.347400922191255,2.3280172733890816,-45.88191808961585,0.04
25,Stationary,Marginal boxes,0.909,0.569,1.0,75.54051434751801,1.6961655775252364,25.864056087043007,0.04
25,Stationary,Joint max score,0.982,0.897,1.0,53.247791289018075,2.3736146025036917,18.231327550598994,0.04
25,Shifted,Marginal boxes,0.6406666666666667,0.066,0.947,75.54051434751801,1.6961655775252364,-68.26628085154996,0.04
25,Shifted,Joint max score,0.7945,0.246,0.995,53.247791289018075,2.3736146025036917,-48.12025316822929,0.04
26,Stationary,Marginal boxes,0.8803333333333333,0.47,0.999,81.26933919991127,1.5996988026547438,25.38941572454201,0.04
26,Stationary,Joint max score,0.9718333333333333,0.843,1.0,55.39949258232042,2.2860848214753413,17.307397377026415,0.04
26,Shifted,Marginal boxes,0.5968333333333333,0.038,0.927,81.26933919991127,1.5996988026547438,-77.82844727968956,0.04
26,Shifted,Joint max score,0.7711666666666667,0.207,0.994,55.39949258232042,2.2860848214753413,-53.05391344647951,0.04
27,Stationary,Marginal boxes,0.8978333333333334,0.518,1.0,80.42772286578673,1.6440360455966785,30.010507270960794,0.04
27,Stationary,Joint max score,0.972,0.84,1.0,57.36586060394042,2.2118364814308613,21.40528807003962,0.04
27,Shifted,Marginal boxes,0.6303333333333333,0.055,0.945,80.42772286578673,1.6440360455966785,-68.23122566826642,0.04
27,Shifted,Joint max score,0.7661666666666667,0.194,0.992,57.36586060394042,2.2118364814308613,-48.66658959191814,0.04
28,Stationary,Marginal boxes,0.896,0.512,1.0,78.90091127158489,1.6365125065440542,30.614451643329634,0.04
28,Stationary,Joint max score,0.978,0.872,1.0,56.08637674512972,2.2595570005406036,21.76215256631282,0.04
28,Shifted,Marginal boxes,0.6191666666666666,0.053,0.952,78.90091127158489,1.6365125065440542,-64.82337217481572,0.04
28,Shifted,Joint max score,0.7738333333333334,0.207,0.995,56.08637674512972,2.2595570005406036,-46.079418033234106,0.04
29,Stationary,Marginal boxes,0.8978333333333334,0.517,1.0,78.56936325102559,1.642491702277986,31.38844540913152,0.04
29,Stationary,Joint max score,0.9843333333333333,0.909,1.0,51.32552760158076,2.458017855978244,20.504538341107928,0.04
29,Shifted,Marginal boxes,0.6226666666666667,0.053,0.957,78.56936325102559,1.642491702277986,-62.92623040512218,0.04
29,Shifted,Joint max score,0.8175,0.287,0.996,51.32552760158076,2.458017855978244,-41.10663294040849,0.04
30,Stationary,Marginal boxes,0.9068333333333334,0.557,1.0,75.11739439724343,1.6996144662263477,25.45327139268083,0.04
30,Stationary,Joint max score,0.9761666666666666,0.867,1.0,55.648958749538735,2.2763745790840093,18.856458762154414,0.04
30,Shifted,Marginal boxes,0.6388333333333334,0.069,0.954,75.11739439724343,1.6996144662263477,-68.36255097698454,0.04
30,Shifted,Joint max score,0.7788333333333334,0.233,0.992,55.648958749538735,2.2763745790840093,-50.64479152742094,0.04
31,Stationary,Marginal boxes,0.9016666666666666,0.537,1.0,78.89384432598033,1.6507325301447742,30.100274021387783,0.04
31,Stationary,Joint max score,0.9838333333333333,0.906,1.0,51.8688249167792,2.4335284092618963,19.789450704309306,0.04
31,Shifted,Marginal boxes,0.6331666666666667,0.068,0.953,78.89384432598033,1.6507325301447742,-65.7381501369921,0.04
31,Shifted,Joint max score,0.8131666666666667,0.304,0.997,51.8688249167792,2.4335284092618963,-43.219602605747646,0.04
32,Stationary,Marginal boxes,0.8866666666666667,0.479,1.0,82.14914594523009,1.5814175284893264,27.72580452785574,0.04
32,Stationary,Joint max score,0.9796666666666667,0.882,1.0,53.42517646474458,2.366132028767155,18.031301268978257,0.04
32,Shifted,Marginal boxes,0.6103333333333333,0.058,0.939,82.14914594523009,1.5814175284893264,-74.9602536866094,0.04
32,Shifted,Joint max score,0.8038333333333333,0.266,0.992,53.42517646474458,2.366132028767155,-48.74992594225092,0.04
33,Stationary,Marginal boxes,0.9023333333333333,0.536,1.0,79.56414880985636,1.6292414963004622,30.71083703465609,0.04
33,Stationary,Joint max score,0.9763333333333334,0.86,1.0,55.56898956658608,2.2794778119225803,21.448984351461082,0.04
33,Shifted,Marginal boxes,0.6221666666666666,0.059,0.951,79.56414880985636,1.6292414963004622,-65.6579995286007,0.04
33,Shifted,Joint max score,0.7906666666666666,0.254,0.996,55.56898956658608,2.2794778119225803,-45.856692308580904,0.04
34,Stationary,Marginal boxes,0.902,0.543,1.0,78.2413075303578,1.6584468538915769,32.231975807797234,0.04
34,Stationary,Joint max score,0.9786666666666667,0.875,1.0,54.84183166170785,2.3081107243138903,22.592421409747015,0.04
34,Shifted,Marginal boxes,0.6285,0.056,0.959,78.2413075303578,1.6584468538915769,-60.90923099210887,0.04
34,Shifted,Joint max score,0.7958333333333333,0.253,0.992,54.84183166170785,2.3081107243138903,-42.69322558825133,0.04
35,Stationary,Marginal boxes,0.8906666666666667,0.508,1.0,80.94798176133479,1.5895502601025775,34.652429361364185,0.04
35,Stationary,Joint max score,0.9766666666666667,0.873,1.0,55.84956254369974,2.268629184089051,23.908230678495595,0.04
35,Shifted,Marginal boxes,0.6165,0.055,0.953,80.94798176133479,1.5895502601025775,-60.66655942677336,0.04
35,Shifted,Joint max score,0.7861666666666667,0.259,0.996,55.84956254369974,2.268629184089051,-41.856519845131544,0.04
36,Stationary,Marginal boxes,0.9061666666666667,0.552,1.0,76.61011412251749,1.6841515308915052,29.22921839460452,0.04
36,Stationary,Joint max score,0.9815,0.898,1.0,53.78589409980952,2.3510682383994244,20.521045598211956,0.04
36,Shifted,Marginal boxes,0.6311666666666667,0.062,0.954,76.61011412251749,1.6841515308915052,-63.83478035593846,0.04
36,Shifted,Joint max score,0.7901666666666667,0.245,0.996,53.78589409980952,2.3510682383994244,-44.81667695492896,0.04
37,Stationary,Marginal boxes,0.913,0.575,1.0,75.4405406593945,1.7068127117715128,26.31017793421322,0.04
37,Stationary,Joint max score,0.983,0.901,1.0,53.599799792302846,2.3588143326093634,18.693135778820533,0.04
37,Shifted,Marginal boxes,0.6451666666666667,0.064,0.963,75.4405406593945,1.7068127117715128,-67.31130152069588,0.04
37,Shifted,Joint max score,0.8011666666666667,0.26,0.996,53.599799792302846,2.3588143326093634,-47.82405128242338,0.04
38,Stationary,Marginal boxes,0.8973333333333333,0.521,1.0,77.29693551492717,1.6705197968542838,28.150102976568963,0.04
38,Stationary,Joint max score,0.983,0.904,1.0,52.587211853633754,2.401923604050289,19.151282247723312,0.04
38,Shifted,Marginal boxes,0.6331666666666667,0.068,0.954,77.29693551492717,1.6705197968542838,-66.82115662486518,0.04
38,Shifted,Joint max score,0.8025,0.262,0.995,52.587211853633754,2.401923604050289,-45.46025397162135,0.04
39,Stationary,Marginal boxes,0.9035,0.537,1.0,77.30349505536333,1.643485782452218,32.031999517761,0.04
39,Stationary,Joint max score,0.9823333333333333,0.896,1.0,53.84289382795754,2.348706361575441,22.31070597644774,0.04
39,Shifted,Marginal boxes,0.6358333333333334,0.067,0.961,77.30349505536333,1.643485782452218,-59.84371335218246,0.04
39,Shifted,Joint max score,0.8018333333333333,0.259,0.999,53.84289382795754,2.348706361575441,-41.68192786088954,0.04
40,Stationary,Marginal boxes,0.909,0.565,1.0,74.27194132674063,1.7033469602047588,26.09708783368476,0.04
40,Stationary,Joint max score,0.9866666666666667,0.924,1.0,52.752748747082876,2.3947629810785123,18.535843993420237,0.04
40,Shifted,Marginal boxes,0.6318333333333334,0.063,0.958,74.27194132674063,1.7033469602047588,-65.9185927160132,0.04
40,Shifted,Joint max score,0.803,0.273,0.995,52.752748747082876,2.3947629810785123,-46.81965890740955,0.04
41,Stationary,Marginal boxes,0.9043333333333333,0.538,1.0,79.56758916144186,1.6350220360926409,37.14973017558977,0.04
41,Stationary,Joint max score,0.9841666666666666,0.909,1.0,54.06376710489476,2.339601156670705,25.24211656265759,0.04
41,Shifted,Marginal boxes,0.6383333333333333,0.061,0.952,79.56758916144186,1.6350220360926409,-54.073221209330065,0.04
41,Shifted,Joint max score,0.8018333333333333,0.261,0.997,54.06376710489476,2.339601156670705,-36.74111618665638,0.04
42,Stationary,Marginal boxes,0.882,0.477,1.0,82.34627229593801,1.58645142109798,32.19974827647872,0.04
42,Stationary,Joint max score,0.9796666666666667,0.883,1.0,55.0107454950876,2.301391997509212,21.51077526712321,0.04
42,Shifted,Marginal boxes,0.6091666666666666,0.05,0.954,82.34627229593801,1.58645142109798,-67.20678699216407,0.04
42,Shifted,Joint max score,0.7835,0.226,0.996,55.0107454950876,2.301391997509212,-44.89693767171137,0.04
43,Stationary,Marginal boxes,0.9061666666666667,0.555,1.0,77.82786562461918,1.6602156872919975,37.06509112384629,0.04
43,Stationary,Joint max score,0.9781666666666666,0.873,1.0,54.8196840060021,2.308994741138264,26.107571712980135,0.04
43,Shifted,Marginal boxes,0.6435,0.075,0.96,77.82786562461918,1.6602156872919975,-51.58119172649784,0.04
43,Shifted,Joint max score,0.796,0.255,0.996,54.8196840060021,2.308994741138264,-36.332290605758956,0.04
44,Stationary,Marginal boxes,0.9018333333333334,0.539,1.0,78.21740632202571,1.6571624968771574,26.601644415436986,0.04
44,Stationary,Joint max score,0.9853333333333333,0.913,1.0,49.33395270194729,2.5524018941880446,16.778417095321558,0.04
44,Shifted,Marginal boxes,0.6245,0.055,0.94,78.21740632202571,1.6571624968771574,-71.00749766169253,0.04
44,Shifted,Joint max score,0.8315,0.321,0.997,49.33395270194729,2.5524018941880446,-44.786457335381094,0.04
45,Stationary,Marginal boxes,0.8896666666666667,0.516,1.0,79.84605431435111,1.6383616924007223,32.70889665053205,0.04
45,Stationary,Joint max score,0.9873333333333333,0.928,1.0,49.01422436376242,2.5682688761819787,20.078652763586142,0.04
45,Shifted,Marginal boxes,0.621,0.06,0.951,79.84605431435111,1.6383616924007223,-62.48998858685602,0.04
45,Shifted,Joint max score,0.8278333333333333,0.335,0.997,49.01422436376242,2.5682688761819787,-38.36004605846385,0.04
46,Stationary,Marginal boxes,0.8981666666666667,0.529,0.998,77.73911259749457,1.6570023049147098,34.67557830915212,0.04
46,Stationary,Joint max score,0.9828333333333333,0.903,1.0,52.63924861735255,2.3996677983059578,23.479768762176004,0.04
46,Shifted,Marginal boxes,0.6246666666666667,0.057,0.956,77.73911259749457,1.6570023049147098,-55.74741019171794,0.04
46,Shifted,Joint max score,0.8023333333333333,0.271,0.997,52.63924861735255,2.3996677983059578,-37.74807412645908,0.04
47,Stationary,Marginal boxes,0.8971666666666667,0.51,1.0,80.86360261901994,1.6238645105354348,31.328128606703732,0.04
47,Stationary,Joint max score,0.9831666666666666,0.905,1.0,52.87943969475513,2.3893130012854935,20.48652092849089,0.04
47,Shifted,Marginal boxes,0.6201666666666666,0.065,0.939,80.86360261901994,1.6238645105354348,-66.52204448884362,0.04
47,Shifted,Joint max score,0.8085,0.281,0.996,52.87943969475513,2.3893130012854935,-43.5010106647442,0.04
48,Stationary,Marginal boxes,0.8946666666666667,0.524,1.0,78.11074205213139,1.6435761151102017,29.74791657582634,0.04
48,Stationary,Joint max score,0.981,0.894,1.0,54.189215562941804,2.3344627626251153,20.63757457072931,0.04
48,Shifted,Marginal boxes,0.611,0.057,0.957,78.11074205213139,1.6435761151102017,-65.18207808275233,0.04
48,Shifted,Joint max score,0.7886666666666666,0.233,0.995,54.189215562941804,2.3344627626251153,-45.2199734283588,0.04
49,Stationary,Marginal boxes,0.9183333333333333,0.604,1.0,72.83315246959083,1.757417908984235,33.456870303945244,0.04
49,Stationary,Joint max score,0.985,0.913,1.0,50.438615667182965,2.4991295302752725,23.169644117657143,0.04
49,Shifted,Marginal boxes,0.6515,0.077,0.972,72.83315246959083,1.757417908984235,-50.48402520667662,0.04
49,Shifted,Joint max score,0.821,0.325,0.999,50.438615667182965,2.4991295302752725,-34.96133640233525,0.04
50,Stationary,Marginal boxes,0.8778333333333334,0.463,0.999,83.6130309867234,1.5570136646363382,31.850211005462672,0.04
50,Stationary,Joint max score,0.982,0.896,1.0,54.048801810694556,2.340215730596562,20.588486291525538,0.04
50,Shifted,Marginal boxes,0.5993333333333334,0.052,0.933,83.6130309867234,1.5570136646363382,-69.76142728998677,0.04
50,Shifted,Joint max score,0.7956666666666666,0.259,0.994,54.048801810694556,2.340215730596562,-45.09490342750978,0.04
51,Stationary,Marginal boxes,0.9106666666666666,0.567,1.0,76.66529392166171,1.6874547684165273,31.988851715592485,0.04
51,Stationary,Joint max score,0.9808333333333333,0.89,1.0,52.20901419769554,2.4184536644497054,21.784386753853667,0.04
51,Shifted,Marginal boxes,0.652,0.064,0.957,76.66529392166171,1.6874547684165273,-58.95131367285932,0.04
51,Shifted,Joint max score,0.8155,0.296,0.994,52.20901419769554,2.4184536644497054,-40.14580542356061,0.04
52,Stationary,Marginal boxes,0.8991666666666667,0.526,1.0,79.6899283928944,1.649080847810643,33.08849824215718,0.04
52,Stationary,Joint max score,0.9851666666666666,0.914,1.0,53.002404426228225,2.3840482313783116,22.00742303394681,0.04
52,Shifted,Marginal boxes,0.629,0.072,0.945,79.6899283928944,1.649080847810643,-61.56939432131658,0.04
52,Shifted,Joint max score,0.8055,0.27,0.996,53.002404426228225,2.3840482313783116,-40.95029326676264,0.04
53,Stationary,Marginal boxes,0.9106666666666666,0.568,1.0,75.51409634083002,1.7098203561117478,24.05240922460226,0.04
53,Stationary,Joint max score,0.9786666666666667,0.881,1.0,54.96864161545246,2.303062860448535,17.508363692627515,0.04
53,Shifted,Marginal boxes,0.6395,0.069,0.963,75.51409634083002,1.7098203561117478,-71.48708983377757,0.04
53,Shifted,Joint max score,0.7871666666666667,0.223,0.993,54.96864161545246,2.303062860448535,-52.03728060875822,0.04
54,Stationary,Marginal boxes,0.912,0.558,1.0,76.647674047211,1.6952565047973653,37.42654473997946,0.04
54,Stationary,Joint max score,0.9865,0.921,1.0,52.64043611608202,2.3996163720106254,25.703971606719136,0.04
54,Shifted,Marginal boxes,0.6426666666666667,0.068,0.96,76.647674047211,1.6952565047973653,-49.1366840197977,0.04
54,Shifted,Joint max score,0.8078333333333333,0.261,0.999,52.64043611608202,2.3996163720106254,-33.746314004350246,0.04
55,Stationary,Marginal boxes,0.8853333333333333,0.481,1.0,82.5429878210201,1.5656491463559767,31.45864251960872,0.04
55,Stationary,Joint max score,0.9761666666666666,0.866,1.0,56.55949130164628,2.2416598176247593,21.555856710778073,0.04
55,Shifted,Marginal boxes,0.6088333333333333,0.056,0.93,82.5429878210201,1.5656491463559767,-68.8397849526549,0.04
55,Shifted,Joint max score,0.7795,0.23,0.995,56.55949130164628,2.2416598176247593,-47.16988469910182,0.04
56,Stationary,Marginal boxes,0.9001666666666667,0.531,1.0,77.69363863868446,1.6669803072329827,32.653899069029094,0.04
56,Stationary,Joint max score,0.977,0.869,1.0,54.934863747310615,2.304405163030457,23.08860194484927,0.04
56,Shifted,Marginal boxes,0.6161666666666666,0.058,0.948,77.69363863868446,1.6669803072329827,-59.317312406548,0.04
56,Shifted,Joint max score,0.7783333333333333,0.229,0.991,54.934863747310615,2.304405163030457,-41.941509395183445,0.04
57,Stationary,Marginal boxes,0.8963333333333333,0.512,1.0,79.50802671412877,1.6442503066329641,32.170558601167706,0.04
57,Stationary,Joint max score,0.9843333333333333,0.909,1.0,51.82825806562759,2.4353392469422737,20.970763358165744,0.04
57,Shifted,Marginal boxes,0.6261666666666666,0.067,0.945,79.50802671412877,1.6442503066329641,-62.94519512337388,0.04
57,Shifted,Joint max score,0.8171666666666667,0.295,0.997,51.82825806562759,2.4353392469422737,-41.031578215055596,0.04
58,Stationary,Marginal boxes,0.9001666666666667,0.534,1.0,78.20093508797362,1.6553151580349397,28.785666112438605,0.04
58,Stationary,Joint max score,0.9906666666666667,0.945,1.0,48.26809638123826,2.6061142037216087,17.76742573154996,0.04
58,Shifted,Marginal boxes,0.6235,0.049,0.954,78.20093508797362,1.6553151580349397,-67.05122233133044,0.04
58,Shifted,Joint max score,0.8368333333333333,0.334,0.998,48.26809638123826,2.6061142037216087,-41.38614018269224,0.04
59,Stationary,Marginal boxes,0.9093333333333333,0.557,1.0,77.54311963500056,1.6726243340807923,31.879669077440596,0.04
59,Stationary,Joint max score,0.9793333333333333,0.881,1.0,54.513958502126755,2.321271074367466,22.41187825985662,0.04
59,Shifted,Marginal boxes,0.6396666666666667,0.068,0.969,77.54311963500056,1.6726243340807923,-60.482137505807806,0.04
59,Shifted,Joint max score,0.7975,0.245,0.997,54.513958502126755,2.321271074367466,-42.51983605549077,0.04
