rep,radius,clean_cvar,stress_cvar,clean_mean,concentration,solver_success
0,0.0,0.7751189503474487,2.1684422098526595,0.05225553579314598,0.5290094173776309,True
0,0.03,0.7672926335482622,1.9432528320239584,0.05045513605177824,0.4175802331063364,True
0,0.1,0.8242086974147317,1.4852935285049946,0.04824410948965564,0.2536510886764419,True
0,0.25,0.8676288133869485,1.3668979557794205,0.047434094187195616,0.2205215665065514,True
0,-1.0,0.9676994887173341,1.2740447972816213,0.04570282351594269,0.20000000000000004,True
1,0.0,0.8312867291409489,1.6362191841939295,0.05008701455764196,0.33449384754275857,True
1,0.03,0.8549000346208755,1.5349716369476334,0.04732931328170074,0.2840444554118675,True
1,0.1,0.9204520130957927,1.367916689966831,0.043577569141636956,0.22935729539686778,True
1,0.25,0.9404222767001047,1.323907112555659,0.0432227537823737,0.21896986712166636,True
1,-1.0,1.056190317291565,1.23578029427871,0.03840217866488778,0.20000000000000004,True
2,0.0,0.8173515848945824,1.750374987413336,0.05320031014052342,0.40305401479008723,True
2,0.03,0.8602418463980905,1.5065884357009622,0.05056509432001082,0.31166258096044536,True
2,0.1,0.9365164230305589,1.3565443420211278,0.04809417029259049,0.2740087499444909,True
2,0.25,0.9433752351713884,1.2758288010350587,0.04486754253789675,0.22851417868667104,True
2,-1.0,0.9832713788444155,1.2250924880072962,0.04043322246649569,0.20000000000000004,True
3,0.0,0.8606789965018111,2.0705597928268897,0.055866913199031865,0.5444892574068364,True
3,0.03,0.8640263626761548,2.054137268021236,0.05573154860537519,0.5402845515581132,True
3,0.1,0.8814353173717514,1.7062597242886905,0.050461475299938635,0.37558693939230764,True
3,0.25,0.9322113948965669,1.3773962089429408,0.04584771657665471,0.23796008746830727,True
3,-1.0,1.0396242282762849,1.212689364627392,0.04310494874416161,0.20000000000000004,True
4,0.0,0.8574106539787467,2.394895343163474,0.049979233694587615,0.6454253046263181,True
4,0.03,0.863265390739258,2.2584986780119825,0.050305088594399985,0.5615231788659043,True
4,0.1,0.879733613351854,1.7901339164446641,0.044498643008578156,0.34484650576663267,True
4,0.25,0.8931359373228436,1.4769561540769018,0.041296582146683615,0.24615391691757757,True
4,-1.0,1.0246932391400498,1.230041024113222,0.035832831203668446,0.20000000000000004,True
5,0.0,0.8651529564410885,1.8794866155678334,0.029826461798365837,0.3953500583664059,True
5,0.03,0.8830456939605518,1.5977695476784757,0.026476818525692735,0.28207883664212213,True
5,0.1,0.9087541122230135,1.484783834149773,0.024637233308041632,0.245335726301367,True
5,0.25,0.9647170977317193,1.33632648961955,0.021476939992136103,0.21137476632201152,True
5,-1.0,1.0363387055567208,1.2302753371681736,0.01697099270954066,0.20000000000000004,True
6,0.0,0.8463545805000516,2.8122591561063444,0.06381592144608357,0.8653016415228976,True
6,0.03,0.8062460266718038,2.507608407584715,0.058482567346074245,0.6746242144003648,True
6,0.1,0.8265244373634334,1.8839369852416081,0.04186141296262462,0.3566675393146296,True
6,0.25,0.9081431767272062,1.49987678096859,0.03121964114430527,0.23150447402295093,True
6,-1.0,1.0107918493019612,1.2848389482349982,0.023228180591766987,0.20000000000000004,True
7,0.0,0.9021029598661991,2.147278687256131,0.04852915437646276,0.5133489065082466,True
7,0.03,0.9255530333954343,1.8766692753623886,0.045190652832943046,0.382284026716885,True
7,0.1,0.9771626338173972,1.6471583206282894,0.04266052405697519,0.29939478222052246,True
7,0.25,0.9991942955932778,1.4874699146039814,0.04017763399020592,0.24408546964969152,True
7,-1.0,1.0322851925650811,1.2569262569603927,0.0365553257977807,0.20000000000000004,True
8,0.0,0.8225290352598148,2.298340266515373,0.05209052302743119,0.6349805668026933,True
8,0.03,0.7924201908267388,2.043731247674706,0.050573576236176095,0.4933169789836628,True
8,0.1,0.8225135781954953,1.6073503879266,0.04716883993351414,0.28833919498707244,True
8,0.25,0.8556418081284636,1.4651585599997372,0.046064087407872815,0.25235782220060005,True
8,-1.0,0.9820413255056248,1.2962843681898812,0.04466833282465431,0.20000000000000004,True
9,0.0,0.8838344585648557,1.982397740784167,0.04747437022428585,0.5064114107439619,True
9,0.03,0.9230900468011822,1.7492207140776779,0.041267433914381,0.37939112803028546,True
9,0.1,0.9980315579191392,1.3707915899157566,0.03463645525632727,0.22943450938283166,True
9,0.25,1.0194031465888085,1.2741562617707662,0.0336618121541205,0.2060776704469511,True
9,-1.0,1.058054874634947,1.207989753580991,0.03205231524802042,0.20000000000000004,True
10,0.0,0.7780716308986744,1.8452971375242544,0.047857598065131554,0.41662262385881244,True
10,0.03,0.796489530524841,1.653444692202421,0.04207516601725029,0.3328555886327453,True
10,0.1,0.8017651892111847,1.6234153084719698,0.04112255052386682,0.32032205451865603,True
10,0.25,0.8852219407486253,1.3803825991349012,0.032196947481076835,0.2328103695183722,True
10,-1.0,1.018889108363982,1.2544337342509688,0.02454962743815302,0.20000000000000004,True
11,0.0,0.8181457075657178,1.9711081054047754,0.049672562226230635,0.42419452433836197,True
11,0.03,0.8294910008805172,1.8478128326192447,0.04862770399647566,0.3773600277735384,True
11,0.1,0.8291235066998917,1.7561693213687937,0.04786263543699547,0.3324837380375245,True
11,0.25,0.9093866076138721,1.454173519876188,0.04436904501901787,0.2275399412693801,True
11,-1.0,1.0300005305585174,1.2794439979268306,0.04135861315405003,0.20000000000000004,True
12,0.0,0.990310856918102,1.682299993176076,0.028228358715223743,0.3578173778718357,True
12,0.03,1.009951567945494,1.6533597983627548,0.027085344868696962,0.3475270293983912,True
12,0.1,0.9799516107242203,1.5074523177429793,0.027765558948648697,0.26364222351304223,True
12,0.25,0.9968860670623112,1.3505769620409447,0.02533621431381789,0.2162115864546478,True
12,-1.0,1.0282278955894413,1.216214961935832,0.022579463439143944,0.20000000000000004,True
13,0.0,0.830675171453963,2.1025027284576674,0.056544688078866825,0.5189304978598792,True
13,0.03,0.81777465449658,1.8551893242742565,0.05315182088529245,0.395355804529359,True
13,0.1,0.8613400861707509,1.4866487751652229,0.04699332579835055,0.264389738051605,True
13,0.25,0.885033647173131,1.3920872578544439,0.04464957890522038,0.23627174373445373,True
13,-1.0,1.0110068616187349,1.2456961751219389,0.03700342994934793,0.20000000000000004,True
14,0.0,0.8784735943561284,1.9516449882335627,0.030498541872641498,0.4946140550921332,True
14,0.03,0.8823081227560856,1.9070849812881918,0.030091946435791626,0.4774975987019111,True
14,0.1,0.8860908949251098,1.643459027704775,0.025784548692651243,0.3370832007474526,True
14,0.25,0.947178252012184,1.4159333317750307,0.021188705392071072,0.2428358253871284,True
14,-1.0,1.0639505521826729,1.2189995504041298,0.016374949372223675,0.20000000000000004,True
15,0.0,0.8398329929916775,2.0282412068940197,0.05210499781402558,0.5048089911818137,True
15,0.03,0.8874600314792155,1.6185220166330274,0.03958374428356121,0.33738247777205954,True
15,0.1,0.9346979231853696,1.2913693507047392,0.031129972346793697,0.22263260968409435,True
15,0.25,0.9690471379878527,1.239740634540533,0.02773529765602605,0.20493500269333076,True
15,-1.0,1.0215806021020657,1.2290439284058836,0.023439175767686685,0.20000000000000004,True
16,0.0,0.8739812125291846,2.632678572622919,0.06878334120242036,0.7533007231924485,True
16,0.03,0.8644055522686696,2.4068344165379707,0.06374349855109755,0.6193084049276751,True
16,0.1,0.8934942044390969,1.6575468045086736,0.04862970087506058,0.2780805527764841,True
16,0.25,0.9701601570842926,1.4083877592033287,0.04216790204157999,0.21487008799328533,True
16,-1.0,1.0557437582440035,1.2849200406153025,0.036802840989598476,0.20000000000000004,True
17,0.0,0.8247869091804314,2.106158833594744,0.053459046757651646,0.5233876495667755,True
17,0.03,0.8214413569511827,2.0429303547254127,0.053159728502886215,0.49561617662478497,True
17,0.1,0.8241101875034591,1.5694214705786735,0.049693064868547764,0.28060850189761566,True
17,0.25,0.9069135153864291,1.3229453590229516,0.046982380710889546,0.2141744883005621,True
17,-1.0,0.9863819777702711,1.2056923755970343,0.04603813698990546,0.20000000000000004,True
18,0.0,0.8058017245295488,2.003439509840754,0.05914706104062248,0.5273067240067992,True
18,0.03,0.823634602374537,1.6463692639755685,0.05602110331886479,0.38537829528571865,True
18,0.1,0.8311733793991556,1.4345363022010909,0.04984722868386578,0.28618358604880517,True
18,0.25,0.9030049566472227,1.2447504476654911,0.043042941279540316,0.21753571657259455,True
18,-1.0,0.9905521529376029,1.1911214172964433,0.03745235925289323,0.20000000000000004,True
19,0.0,0.8303917419946145,1.650018850791911,0.05114102969273766,0.3144382526476446,True
19,0.03,0.8629124677144225,1.4953630560651576,0.05112849285174401,0.2716486793144215,True
19,0.1,0.8821114442713975,1.3675886938591026,0.050291513047031486,0.24353604621477185,True
19,0.25,0.9430100432930019,1.264081918298768,0.048388180287815837,0.21216406638007396,True
19,-1.0,1.0107759185780485,1.2178592962045944,0.046644182387687125,0.20000000000000004,True
20,0.0,0.8333518159773021,1.9659520203343432,0.05182266536394927,0.4353565084494626,True
20,0.03,0.8329419824678482,1.9169161850381244,0.05158230910264942,0.41343790276229786,True
20,0.1,0.8960614503363109,1.5242655595004515,0.04556231116973055,0.26320173555531357,True
20,0.25,0.9598365802891421,1.3520910504710921,0.04220464868407004,0.2214643772951424,True
20,-1.0,1.0459712715951295,1.2356601123745623,0.03706291314168942,0.20000000000000004,True
21,0.0,0.8753252034593426,2.184930550099382,0.058645249310865906,0.5838476396332658,True
21,0.03,0.8847059575059859,1.8653851330857703,0.05108054843513685,0.4195033766937959,True
21,0.1,0.9176470395710061,1.5117725014118801,0.041213272457604755,0.2818289760531123,True
21,0.25,0.9933843660657009,1.3128427833366763,0.03157490153217122,0.21832157814287295,True
21,-1.0,1.0794957616265128,1.2520908852925814,0.024111047166780263,0.20000000000000004,True
22,0.0,0.8446168954533275,1.5784100725407417,0.04175061387151453,0.36616859499448046,True
22,0.03,0.813891059072091,1.6219917898058192,0.0406046126169913,0.33489365849245706,True
22,0.1,0.832206360952892,1.5535769211343653,0.03981644532596866,0.3191101379047049,True
22,0.25,0.8681618298706748,1.3552163133920936,0.037944337700311324,0.22890056740961817,True
22,-1.0,0.9833893535441152,1.215158962489319,0.0348811474630127,0.20000000000000004,True
23,0.0,0.8849691303628817,2.0695036020082513,0.04638465038258435,0.46405806023261953,True
23,0.03,0.8894836568177271,2.017582814159983,0.04602857840053815,0.43966462958490116,True
23,0.1,0.9991370127223078,1.5147596531902892,0.039042661501982115,0.25118642159528504,True
23,0.25,1.0285666710106223,1.377862146384281,0.03386982513626075,0.21197342440832076,True
23,-1.0,1.041151288717519,1.2754552551975422,0.03005679360607233,0.20000000000000004,True
