"model","factor","nominal_prob","worst_prob","loss","dual_majorant"
"moments_2",-2,0.03,0.177,0.005,0.005
"moments_2",-1.5,0.07,0,0.0025,0.003
"moments_2",-1,0.12,0,0,0.0015
"moments_2",-0.5,0.18,0,0,0.000499999999999999
"moments_2",0,0.2,0.115,0,-4.33680868994202e-19
"moments_2",0.5,0.18,0.708,0,-3.25260651745651e-19
"moments_2",1,0.12,0,0,5e-04
"moments_2",1.5,0.07,0,0,0.0015
"moments_2",2,0.03,0,0,0.003
"moments_3",-2,0.03,0,0.092,0.100952380952381
"moments_3",-1.5,0.07,0.210714285714286,0.053,0.053
"moments_3",-1,0.12,0,0.018,0.0227142857142857
"moments_3",-0.5,0.18,0,0,0.00630952380952382
"moments_3",0,0.2,0.41,0,4.33680868994202e-18
"moments_3",0.5,0.18,0.295,0,2.49366499671666e-18
"moments_3",1,0.12,0,0,0.00252380952380953
"moments_3",1.5,0.07,0,0,0.00378571428571429
"moments_3",2,0.03,0.0842857142857143,0,0
"moments_4",-2,0.03,0,0.092,0.122111111111111
"moments_4",-1.5,0.07,0.183333333333333,0.053,0.053
"moments_4",-1,0.12,0.0319999999999999,0.018,0.018
"moments_4",-0.5,0.18,0,0,0.00371111111111112
"moments_4",0,0.2,0.553333333333333,0,3.46944695195361e-18
"moments_4",0.5,0.18,0.04,0,-3.03576608295941e-18
"moments_4",1,0.12,0,0,0.000111111111111102
"moments_4",1.5,0.07,0.191333333333333,0,3.46944695195361e-18
"moments_4",2,0.03,0,0,0.00260000000000006
