rep,radius,asset,weight
0,0.0,1,0.6992104426746638
0,0.0,2,0.18169285104520885
0,0.0,3,0.05732693602394051
0,0.0,4,0.0
0,0.0,5,0.06176977025618676
0,0.03,1,0.5988046436641412
0,0.03,2,0.2186419479052334
0,0.03,3,0.05267230391177032
0,0.03,4,0.06487654480014976
0,0.03,5,0.06500455971870528
0,0.1,1,0.3707336082850506
0,0.1,2,0.26986492603782736
0,0.1,3,0.1344694509963542
0,0.1,4,0.11329159608519043
0,0.1,5,0.11164041859557747
0,0.25,1,0.29542652553858223
0,0.25,2,0.25595752246737735
0,0.25,3,0.1701991449625451
0,0.25,4,0.13766356657824505
0,0.25,5,0.1407532404532502
1,0.0,1,0.49218057643746665
1,0.0,2,0.23110461100679708
1,0.0,3,0.18548378151552028
1,0.0,4,0.05738417674836381
1,0.0,5,0.03384685429185203
1,0.03,1,0.4376934696074302
1,0.03,2,0.2149955851155275
1,0.03,3,0.17873153282905563
1,0.03,4,0.0910465722738364
1,0.03,5,0.07753284017415026
1,0.1,1,0.33505963625393165
1,0.1,2,0.21306241255089195
1,0.1,3,0.1954146612928608
1,0.1,4,0.14588305461556178
1,0.1,5,0.11058023528675377
1,0.25,1,0.30537492882257206
1,0.25,2,0.2278532385086543
1,0.25,3,0.18341719408618928
1,0.25,4,0.13921470078558207
1,0.25,5,0.14413993779700235
2,0.0,1,0.561286064031359
2,0.0,2,0.2712820235560945
2,0.0,3,0.06955067889656946
2,0.0,4,0.0
2,0.0,5,0.09788123351597716
2,0.03,1,0.42643573246321864
2,0.03,2,0.3060595221278782
2,0.03,3,0.12027421359948683
2,0.03,4,4.399978783460036e-16
2,0.03,5,0.1472305318094159
2,0.1,1,0.3171977113966864
2,0.1,2,0.33039220424910604
2,0.1,3,0.14350244730037706
2,0.1,4,1.8215250806086827e-16
2,0.1,5,0.20890763705383028
2,0.25,1,0.2606180948746165
2,0.25,2,0.2859456672213263
2,0.25,3,0.16024283522673777
2,0.25,4,0.07529273658321609
2,0.25,5,0.2179006660941034
3,0.0,1,0.6491463331879744
3,0.0,2,0.3508536668120254
3,0.0,3,0.0
3,0.0,4,0.0
3,0.0,5,0.0
3,0.03,1,0.6419234856500403
3,0.03,2,0.358076514349958
3,0.03,3,2.729193313941904e-16
3,0.03,4,7.507737312797563e-16
3,0.03,5,7.040808908120866e-16
3,0.1,1,0.4927298720590444
3,0.1,2,0.34972501386902327
3,0.1,3,0.023828003872885698
3,0.1,4,0.04462433936410063
3,0.1,5,0.08909277083494593
3,0.25,1,0.3270690705001562
3,0.25,2,0.27717427713225107
3,0.25,3,0.12835649847882113
3,0.25,4,0.1026073218793214
3,0.25,5,0.16479283200945025
4,0.0,1,0.7903807589460122
4,0.0,2,0.0
4,0.0,3,0.12516957010493743
4,0.0,4,0.01492771316934886
4,0.0,5,0.06952195777970152
4,0.03,1,0.728546033029594
4,0.03,2,0.0
4,0.03,3,0.101575593054113
4,0.03,4,0.03018097042295793
4,0.03,5,0.1396974034933355
4,0.1,1,0.5251366785175658
4,0.1,2,0.054129709958993646
4,0.1,3,0.18608403959560493
4,0.1,4,0.07265674063647111
4,0.1,5,0.16199283129136446
4,0.25,1,0.3814029352550636
4,0.25,2,0.17607406103524084
4,0.25,3,0.19303791403246595
4,0.25,4,0.09926116254365053
4,0.25,5,0.1502239271335792
5,0.0,1,0.5826284977928597
5,0.0,2,0.14156562935685252
5,0.0,3,0.015525646672835798
5,0.0,4,0.15963011763888896
5,0.0,5,0.100650108538563
5,0.03,1,0.45107320151683233
5,0.03,2,0.16478680044309146
5,0.03,3,0.09645929559236867
5,0.03,4,0.16349518432702353
5,0.03,5,0.12418551812068397
5,0.1,1,0.3896496795856216
5,0.1,2,0.16378813716657536
5,0.1,3,0.13789196349353738
5,0.1,4,0.15817267069203375
5,0.1,5,0.15049754906223198
5,0.25,1,0.2947469792769668
5,0.25,2,0.1761587042601988
5,0.25,3,0.18570943716934882
5,0.25,4,0.16833738934715925
5,0.25,5,0.1750474899463264
6,0.0,1,0.9291792758856214
6,0.0,2,0.015286397958924664
6,0.0,3,0.019054811666052846
6,0.0,4,0.0
6,0.0,5,0.03647951448940107
6,0.03,1,0.8132341449858046
6,0.03,2,0.04651328450613497
6,0.03,3,0.09538061584270564
6,0.03,4,0.0
6,0.03,5,0.04487195466535507
6,0.1,1,0.5519786715556472
6,0.1,2,0.09159970617557806
6,0.1,3,0.11188422606473877
6,0.1,4,0.09798670706328785
6,0.1,5,0.14655068914074806
6,0.25,1,0.35709436815991613
6,0.25,2,0.1479848230629984
6,0.25,3,0.1531764332913017
6,0.25,4,0.16012626780773864
6,0.25,5,0.1816181076780452
7,0.0,1,0.6938727240876246
7,0.0,2,0.09143136759309806
7,0.0,3,0.01611708634075698
7,0.0,4,0.05713896879574451
7,0.0,5,0.14143985318277594
7,0.03,1,0.5696263708738333
7,0.03,2,0.11750970336393933
7,0.03,3,0.03731105141977776
7,0.03,4,0.08958678008555995
7,0.03,5,0.1859660942568898
7,0.1,1,0.4453876562294968
7,0.1,2,0.18001141380728503
7,0.1,3,0.02101434913552192
7,0.1,4,0.12356185769914355
7,0.1,5,0.23002472312855288
7,0.25,1,0.35084644112204444
7,0.25,2,0.1894186830784172
7,0.25,3,0.07070390076244279
7,0.25,4,0.14739216234754846
7,0.25,5,0.24163881268954715
8,0.0,1,0.7617367519892986
8,0.0,2,0.23392056030842534
8,0.0,3,0.0
8,0.0,4,0.0
8,0.0,5,0.004342687702276
8,0.03,1,0.6539537641805145
8,0.03,2,0.24436247411473214
8,0.03,3,0.07057308513786266
8,0.03,4,9.381652548693061e-16
8,0.03,5,0.031110676566889654
8,0.1,1,0.43972198753147534
8,0.1,2,0.23063624268303692
8,0.1,3,0.15283240120748576
8,0.1,4,0.05097359452279898
8,0.1,5,0.12583577405520308
8,0.25,1,0.3595222160156844
8,0.25,2,0.24458276477113883
8,0.25,3,0.19999637473360377
8,0.25,4,0.05270454238825975
8,0.25,5,0.14319410209131325
9,0.0,1,0.6819722522339644
9,0.0,2,0.0
9,0.0,3,0.176201289193525
9,0.0,4,0.08142492367454311
9,0.0,5,0.06040153489796846
9,0.03,1,0.5589471282492795
9,0.03,2,4.740942751272487e-16
9,0.03,3,0.1727042968162712
9,0.03,4,0.15801734598214162
9,0.03,5,0.11033122895230717
9,0.1,1,0.3346654545492376
9,0.1,2,0.116045902385512
9,0.1,3,0.16150413861770913
9,0.1,4,0.23059983807639306
9,0.1,5,0.1571846663711483
9,0.25,1,0.26338628625254545
9,0.25,2,0.17471184077026922
9,0.25,3,0.1712517272422285
9,0.25,4,0.2119109869346811
9,0.25,5,0.17873915880027572
10,0.0,1,0.5857059769993477
10,0.0,2,0.24251168287108138
10,0.0,3,0.08741265731289469
10,0.0,4,0.08436968281667623
10,0.0,5,0.0
10,0.03,1,0.49241677885533636
10,0.03,2,0.24358604069295256
10,0.03,3,0.12562703202784312
10,0.03,4,0.12253226322159469
10,0.03,5,0.015837885202273277
10,0.1,1,0.476014736884955
10,0.1,2,0.24492013152500702
10,0.1,3,0.12196329313203796
10,0.1,4,0.13569378958796602
10,0.1,5,0.021408048870034037
10,0.25,1,0.32698138208026867
10,0.25,2,0.2392196189194294
10,0.25,3,0.15415160343025558
10,0.25,4,0.19369144996858254
10,0.25,5,0.08595594560146386
11,0.0,1,0.6095392153265269
11,0.0,2,0.1647291002565746
11,0.0,3,0.11752396260717754
11,0.0,4,0.0
11,0.0,5,0.10820772180972095
11,0.03,1,0.5525872695508183
11,0.03,2,0.20808184471850363
11,0.03,3,0.11376430864644844
11,0.03,4,0.0
11,0.03,5,0.12556657708422983
11,0.1,1,0.5096513856166376
11,0.1,2,0.1953260398324466
11,0.1,3,0.13807273097604356
11,0.1,4,0.03843596824424229
11,0.1,5,0.11851387533063004
11,0.25,1,0.342075980641909
11,0.25,2,0.20296895768174278
11,0.25,3,0.16389083572964486
11,0.25,4,0.13817789290236404
11,0.25,5,0.1528863330443394
12,0.0,1,0.4799447608299608
12,0.0,2,0.0
12,0.0,3,0.28180960737550376
12,0.0,4,0.01994303196933414
12,0.0,5,0.21830259982520134
12,0.03,1,0.45926187282308406
12,0.03,2,1.0501881500042397e-15
12,0.03,3,0.2839810992786187
12,0.03,4,0.021144631397156586
12,0.03,5,0.23561239650113963
12,0.1,1,0.38801779386500784
12,0.1,2,0.06526093548094798
12,0.1,3,0.20994321216593226
12,0.1,4,0.10498736213953352
12,0.1,5,0.2317906963485784
12,0.25,1,0.2939633941321739
12,0.25,2,0.13138793221675518
12,0.25,3,0.19700467846566333
12,0.25,4,0.15406582011597425
12,0.25,5,0.22357817506943334
13,0.0,1,0.6891394925139048
13,0.0,2,0.0
13,0.0,3,0.1883207149907961
13,0.0,4,0.08412340418972283
13,0.0,5,0.03841638830557611
13,0.03,1,0.5825911647737703
13,0.03,2,0.07868678917923544
13,0.03,3,0.19565189096963811
13,0.03,4,0.09641007893203167
13,0.03,5,0.04666007614532453
13,0.1,1,0.4017834037080914
13,0.1,2,0.18606549393304353
13,0.1,3,0.22338650185641365
13,0.1,4,0.11201607623267419
13,0.1,5,0.07674852426977735
13,0.25,1,0.3475581794672844
13,0.25,2,0.212316702103816
13,0.25,3,0.20362805453173727
13,0.25,4,0.1402355556129007
13,0.25,5,0.09626150828426172
14,0.0,1,0.6510576674100002
14,0.0,2,0.24467655448603512
14,0.0,3,0.0
14,0.0,4,0.10426577810396423
14,0.0,5,0.0
14,0.03,1,0.6299276331557523
14,0.03,2,0.26317707328732587
14,0.03,3,0.0
14,0.03,4,0.1068952935569221
14,0.03,5,1.837192701362019e-16
14,0.1,1,0.5027121967021233
14,0.1,2,0.23764872162480402
14,0.1,3,0.04094618819951653
14,0.1,4,0.1432348812571748
14,0.1,5,0.07545801221638135
14,0.25,1,0.3668694494293363
14,0.25,2,0.21291215403069091
14,0.25,3,0.0969285858235543
14,0.25,4,0.1867222409650116
14,0.25,5,0.13656756975140694
15,0.0,1,0.6713412502724242
15,0.0,2,0.0
15,0.0,3,0.17145783817032217
15,0.0,4,0.1572009115572539
15,0.0,5,0.0
15,0.03,1,0.47570072322493095
15,0.03,2,0.046381100224565146
15,0.03,3,0.2853247796770697
15,0.03,4,0.16331816917521846
15,0.03,5,0.0292752276982158
15,0.1,1,0.28768832056178745
15,0.1,2,0.17901328869361469
15,0.1,3,0.25305824609132715
15,0.1,4,0.18764131555041563
15,0.1,5,0.09259882910285513
15,0.25,1,0.23889277812457935
15,0.25,2,0.20662480109428957
15,0.25,3,0.22035355874939386
15,0.25,4,0.18699801763697269
15,0.25,5,0.14713084439476454
16,0.0,1,0.8622004783853012
16,0.0,2,0.0
16,0.0,3,0.05446535423855939
16,0.0,4,0.0
16,0.0,5,0.08333416737613879
16,0.03,1,0.7735524736128115
16,0.03,2,0.0
16,0.03,3,0.08996521059106702
16,0.03,4,0.02630355474799716
16,0.03,5,0.11017876104812437
16,0.1,1,0.4494613532199674
16,0.1,2,0.12528739906608088
16,0.1,3,0.13434273604466668
16,0.1,4,0.14722351622109328
16,0.1,5,0.14368499544819174
16,0.25,1,0.30443170810340736
16,0.25,2,0.18931108850910922
16,0.25,3,0.15648718363250938
16,0.25,4,0.19352586368158012
16,0.25,5,0.156244156073394
17,0.0,1,0.6924242904965952
17,0.0,2,0.17555465012336657
17,0.0,3,0.0
17,0.0,4,0.11292553932025753
17,0.0,5,0.019095520059783152
17,0.03,1,0.6658804423444838
17,0.03,2,0.1998508013641016
17,0.03,3,0.002564145882702816
17,0.03,4,0.10827543142380637
17,0.03,5,0.023429178984905354
17,0.1,1,0.4493031901801293
17,0.1,2,0.17290296750252301
17,0.1,3,0.1398873210205399
17,0.1,4,0.1409928840607707
17,0.1,5,0.09691363723603705
17,0.25,1,0.30264364813886374
17,0.25,2,0.18289006803784058
17,0.25,3,0.1829249083560148
17,0.25,4,0.18462764446651575
17,0.25,5,0.14691373100076527
18,0.0,1,0.6795642528945813
18,0.0,2,0.2510993943700073
18,0.0,3,0.03938407693492109
18,0.0,4,0.029952275800490313
18,0.0,5,0.0
18,0.03,1,0.5120372741765195
18,0.03,2,0.33350904926248026
18,0.03,3,0.08169170658931652
18,0.03,4,0.07276196997168288
18,0.03,5,8.132478884560421e-16
18,0.1,1,0.4061805054256071
18,0.1,2,0.26990395334905665
18,0.1,3,0.17670269940140335
18,0.1,4,0.1297009155298517
18,0.1,5,0.017511926294081256
18,0.25,1,0.2784631211302546
18,0.25,2,0.24337334965771237
18,0.25,3,0.17944418191179634
18,0.25,4,0.19378140691010615
18,0.25,5,0.10493794039013048
19,0.0,1,0.4730277136985335
19,0.0,2,0.09433573668477306
19,0.0,3,0.2381413023296545
19,0.0,4,0.15273781656549826
19,0.0,5,0.04175743072154
19,0.03,1,0.39336622099428364
19,0.03,2,0.12335920075218026
19,0.03,3,0.27173502207737954
19,0.03,4,0.15811377940572954
19,0.03,5,0.05342577677042704
19,0.1,1,0.3263008191943877
19,0.1,2,0.18951172348587975
19,0.1,3,0.26999501884440047
19,0.1,4,0.15863561057313963
19,0.1,5,0.05555682790219251
19,0.25,1,0.2503093583100057
19,0.25,2,0.19771881830238897
19,0.25,3,0.23860647123669615
19,0.25,4,0.20350462782489612
19,0.25,5,0.10986072432601302
20,0.0,1,0.621574856930853
20,0.0,2,0.09759290725807979
20,0.0,3,0.1357546911686543
20,0.0,4,0.0
20,0.0,5,0.14507754464241296
20,0.03,1,0.599631581884277
20,0.03,2,0.11947458910080908
20,0.03,3,0.13164294554111985
20,0.03,4,2.1367766652413967e-16
20,0.03,5,0.14925088347379403
20,0.1,1,0.39996663370386715
20,0.1,2,0.17510248398165465
20,0.1,3,0.19833084718530747
20,0.1,4,0.05182386496517475
20,0.1,5,0.17477617016399594
20,0.25,1,0.2921017401230071
20,0.25,2,0.2095080426173357
20,0.25,3,0.2141686232613812
20,0.25,4,0.0873925443142686
20,0.25,5,0.19682904968400736
21,0.0,1,0.7445479949314956
21,0.0,2,0.1569080913900356
21,0.0,3,0.05245961048705446
21,0.0,4,0.046084303191414315
21,0.0,5,0.0
21,0.03,1,0.6003264781367149
21,0.03,2,0.15350347466173372
21,0.03,3,0.1775581503978259
21,0.03,4,0.06318056220308273
21,0.03,5,0.005431334600642736
21,0.1,1,0.4206892805300344
21,0.1,2,0.23680262165398078
21,0.1,3,0.1943007015718542
21,0.1,4,0.07849373775678796
21,0.1,5,0.06971365848734251
21,0.25,1,0.2873233103997989
21,0.25,2,0.24140560342172696
21,0.25,3,0.2040509479334219
21,0.25,4,0.12494584422975198
21,0.25,5,0.14227429401530037
22,0.0,1,0.4534849161090149
22,0.0,2,0.37905293346682767
22,0.0,3,0.12126181976858391
22,0.0,4,0.0
22,0.0,5,0.04620033065557348
22,0.03,1,0.47473410625455603
22,0.03,2,0.2721366441626821
22,0.03,3,0.16795076533294778
22,0.03,4,0.0
22,0.03,5,0.08517848424981417
22,0.1,1,0.439069808979974
22,0.1,2,0.2977074751825443
22,0.1,3,0.17069460817379853
22,0.1,4,0.0
22,0.1,5,0.09252810766368337
22,0.25,1,0.3287077133291942
22,0.25,2,0.23040304423286967
22,0.25,3,0.19094083096702533
22,0.25,4,0.11902699265104642
22,0.25,5,0.13092141881986447
23,0.0,1,0.6426898040742443
23,0.0,2,0.13684774699129268
23,0.0,3,0.0
23,0.0,4,0.04706982636702383
23,0.0,5,0.17339262256743923
23,0.03,1,0.6185194789456353
23,0.03,2,0.146522375335336
23,0.03,3,8.403199156095057e-16
23,0.03,4,0.05412762395757529
23,0.03,5,0.1808305217614527
23,0.1,1,0.34920388060078594
23,0.1,2,0.20451282207888213
23,0.1,3,0.05036729438318318
23,0.1,4,0.14092304753845292
23,0.1,5,0.2549929553986959
23,0.25,1,0.26390412037088834
23,0.25,2,0.19319759353100385
23,0.25,3,0.12980306071618636
23,0.25,4,0.16893071272925989
23,0.25,5,0.24416451265266162
