rep,multiplier,annual_arithmetic_return_pct,annual_volatility_pct,sharpe,monthly_turnover_pct,monthly_fee_bps,terminal_wealth
0,0.0,-9.696589712421273,13.684182460679317,-0.7085983938232222,81.9641957879909,98.48814944096166,0.34335775552140346
0,1.0,0.26063651411633026,12.629696592342139,0.020636799325358612,48.43892298403917,40.246382102665734,0.9474983726953911
0,3.0,7.7180712810577745,11.860657606710673,0.6507287822465211,14.464530667847342,7.981720358014823,2.014625366168697
0,10.0,3.961960545368588,10.199190164661866,0.38845834633969084,0.33151837949472285,0.11122450977698717,1.4109081045437146
1,0.0,3.3638247319059666,15.72243820689338,0.21395057736217554,81.18127436628988,94.70622117583908,1.2406358489649842
1,1.0,6.985431611497086,12.835949136099016,0.5442084210081276,48.9253053417337,41.64443255823608,1.8529573105300416
1,3.0,10.671166741186328,10.90636640500358,0.9784346449511042,14.704500536890134,8.432269709549837,2.7297632903057374
1,10.0,9.532784111503327,9.250936269274272,1.0304669531845305,0.09824259001637618,0.028783300247741526,2.4785239324040806
2,0.0,-4.274982605785356,14.344222245334294,-0.2980281909098186,77.10352710991147,89.87702870381503,0.5869838129393264
2,1.0,3.339007063205639,11.61517993330818,0.2874692499278949,43.08109885423734,35.70836685741755,1.305711540314117
2,3.0,7.776250369934325,9.692397524545157,0.8023041100245469,11.500855349045635,6.323500266896017,2.0731042708203766
2,10.0,5.217399082718812,9.232128411528244,0.5651350208911519,0.1349810470479751,0.0402234169790909,1.6139234932081896
3,0.0,-4.017423149865983,13.743577340446556,-0.2923127691101892,80.75260179639491,96.66475582698524,0.607728705316566
3,1.0,4.16307248805926,11.60982513150922,0.35858184261196374,44.55247046701853,37.33265076127471,1.4164879227258975
3,3.0,11.924387934608784,10.212292378114007,1.1676504640783663,13.869746230045255,8.156295504608066,3.1130311667693746
3,10.0,7.795369489762983,9.443031951234085,0.8255155261593947,0.3813254731215567,0.12010529153145956,2.0816663205992874
4,0.0,-8.90807306466016,16.616923784948657,-0.5360843667543899,85.65904905289393,101.36581033912904,0.3555595656530731
4,1.0,-1.3632826972158871,14.117557344076733,-0.09656647137954612,47.943150280423176,40.22201457787328,0.7901585794477819
4,3.0,0.8832300426458006,11.77439383884291,0.07501278237628554,14.730760465755477,8.58021483485242,1.0201489759980127
4,10.0,0.4065424387786831,10.620989574885783,0.03827726558926173,0.24500257976589074,0.07937967346731818,0.9850622365568888
5,0.0,-4.282141416664605,13.053212005257011,-0.32805269805929976,72.75756483750216,81.38999678661702,0.5982952190263752
5,1.0,3.428165284174937,10.671227324343855,0.32125313986652654,37.98922865566664,31.03159881325446,1.331914761068479
5,3.0,5.018137313111587,11.090711282464047,0.45246307340503555,11.58255469899732,6.36002541842749,1.553953464685016
5,10.0,3.6158936833324895,8.770214606126496,0.4122924974728191,0.5160468049823069,0.16679813226734036,1.3815923896014346
6,0.0,1.1845359315634174,14.457638324127245,0.08193149565697988,80.959761250853,93.61014909149425,1.0156555448410782
6,1.0,11.2238835471059,12.26024592248025,0.915469691070871,41.34543611059763,34.77768151371336,2.8417624038566256
6,3.0,15.64150134219059,11.07905598051152,1.4118081332655585,12.861314486849112,7.280548969273274,4.4582706237351655
6,10.0,10.085328535874746,10.367569524053398,0.972776552158745,0.2684486347019256,0.09082339961458714,2.590117670761067
7,0.0,-5.442485257392483,14.702297351827815,-0.3701792398257993,78.08906444333554,92.90595765282505,0.5203054934271336
7,1.0,5.925070650452941,13.57383901985983,0.436506624381208,46.018886853747084,38.20977207687502,1.650526683584918
7,3.0,13.788759810285022,12.889538142714423,1.0697636841300528,15.559158086097838,8.66323062098524,3.6360766613756534
7,10.0,13.271319427111678,11.74300985770001,1.1301463243181677,0.19713359898560415,0.0629642335068358,3.5016743330991207
8,0.0,0.7481673492959673,16.55005330645704,0.04520634075565593,85.80009903387878,101.8115083186525,0.9393198197090439
8,1.0,5.19834250780285,13.514548795103238,0.3846478773813284,43.943879757853196,36.643306235954206,1.5331186889589192
8,3.0,7.4365125399287955,11.705504936051723,0.6353004488533527,12.69714470326814,7.4108285349274965,1.9610738577326836
8,10.0,5.530685349225335,9.483777246207248,0.5831732658458596,0.16844225796248896,0.049755805286897,1.6607829049322786
9,0.0,-1.1005445574823935,15.504363185182994,-0.07098289328865486,77.7414742350323,91.0811436258311,0.7946086630508314
9,1.0,5.905806263375598,12.979269845147746,0.4550183742102767,41.8245672957751,34.06709596622406,1.66020883431593
9,3.0,5.509846260210213,11.421844510668004,0.4823954883174968,12.622378504455368,6.919836301496947,1.6259949268618163
9,10.0,4.12603407354849,9.159704253679003,0.45045494475340336,0.3367838746906714,0.11068554964080048,1.448828168389478
10,0.0,-10.44866720135015,14.035684744458905,-0.7444358712513217,84.05262483197998,97.96726752976942,0.31729782018238545
10,1.0,-2.4298046006288034,12.999705268533242,-0.18691228381233588,48.43086488410762,41.506288723238086,0.7212810175629598
10,3.0,-1.6841994849447182,11.555982680051605,-0.14574264530977968,13.975607379494429,8.102258444852957,0.7906401622226092
10,10.0,-0.29390209486289454,10.150108308196366,-0.028955562437256374,0.21046546731468668,0.06473135355758099,0.9230017707970078
11,0.0,-6.99912568856609,13.606184710504326,-0.514407663682721,82.45916466648659,95.06217082816767,0.4517166302197218
11,1.0,2.1561965212555245,11.662532740883803,0.1848823552449144,43.741105321864424,35.45137071786893,1.1600375560364045
11,3.0,7.623746565162953,10.929787261556134,0.6975201239257713,12.39240227401007,6.720370273504098,2.0165437646817357
11,10.0,8.752102552743114,10.114863408759913,0.8652714524215336,0.13355307933569177,0.04126137441499826,2.275678544607592
12,0.0,-1.5548874032371651,14.255216528991719,-0.1090749761727501,80.62048658344932,92.6930909568463,0.7738579821970197
12,1.0,3.3545640177451417,12.075119056044676,0.27780794559254324,47.96970419476981,39.743304285858514,1.300825113544133
12,3.0,6.676712291905532,10.849829937601918,0.6153748335507322,16.369593777576746,9.206975466575999,1.8363356928107002
12,10.0,3.9210095211502485,9.777008077583877,0.401043907301263,0.29764675197581514,0.10789807352929581,1.4110724355389692
13,0.0,0.9267101087392494,14.071389203580672,0.06585775543067449,77.36323758751922,92.09357262719627,0.99447712469508
13,1.0,6.841418521020004,12.241150145273817,0.5588869052195562,42.06976692883329,35.788654587817504,1.8380349251712138
13,3.0,8.468146580630044,10.767235971631044,0.7864735762215557,13.40203016543965,7.71971241801541,2.197238529788614
13,10.0,6.833733780732055,8.940144730435726,0.7643873770261648,0.2363163715222073,0.07632398827995178,1.900773124508813
14,0.0,-0.7730857992509567,13.849294048944827,-0.05582131453912322,78.24501682446859,88.2160109767557,0.8401498799896527
14,1.0,3.6354943356736995,12.316947288489937,0.29516196266188716,45.06650733603047,36.93803636191049,1.3335693569897167
14,3.0,3.2002047457161473,12.037489284292697,0.2658531750380857,12.387630802072772,6.864205438432963,1.2824125032582594
14,10.0,2.679731276832961,11.007464373609725,0.24344673631264135,0.27820670382300405,0.0893752497926002,1.2315915428197777
15,0.0,-0.4311559013478805,13.835982910948811,-0.031161927860339753,75.24310604576307,85.97697165563656,0.869160642969489
15,1.0,3.3263480623078765,11.89127554478071,0.27973013069803676,39.19542208765332,31.684707804928927,1.2985815468747393
15,3.0,9.479873032195743,10.80571413943873,0.8773018525074683,10.540728200703915,5.767295389860452,2.4282338882811905
15,10.0,8.258915878114255,9.748224724761231,0.8472225570606697,0.38117813120853866,0.11598836880667349,2.173834134935362
16,0.0,-3.7311115942382203,11.37552862578515,-0.32799456772328195,82.53347502759351,95.2860313405022,0.64463405598678
16,1.0,2.5922024765264364,10.104398204857423,0.2565419952749193,47.97383595331081,38.43832547441926,1.2319590105140694
16,3.0,6.9954510177947435,8.682483668193557,0.8056969969803801,14.209299970105468,7.767485907622599,1.936364839578791
16,10.0,9.185076909157885,8.523396945507507,1.0776310158825977,0.38618115563920463,0.1346787587463066,2.409678762944689
17,0.0,-9.07776337706061,14.189450529504747,-0.6397543976903698,80.82379414660167,95.51387236661664,0.3630109983507687
17,1.0,-2.6746917398705894,12.960258170120897,-0.20637642435525952,45.20826804891694,39.96629993010681,0.7036295108805382
17,3.0,4.218677828949917,12.692476127908684,0.3323762665721098,13.037535693463532,7.76576794799273,1.4082082439336971
17,10.0,6.970625946692285,10.377121468541091,0.6717302064762548,0.18794397539433513,0.06228185485956739,1.9012220421667467
18,0.0,-7.317489854417372,14.209902005583272,-0.5149570948161518,79.9048407569027,93.33294047203377,0.4336894375796653
18,1.0,1.1643725737163368,11.916433277044248,0.0977115002992865,44.621321353003296,36.30868728261232,1.04740020325334
18,3.0,7.102454873040688,11.263432327608859,0.6305764234611851,13.59998736057606,7.4651636625597035,1.907065894882125
18,10.0,7.96120208632369,9.833639473020382,0.8095885666915164,0.1812395953237248,0.05666033588055783,2.108618146292506
19,0.0,-5.4608560224060785,14.62509644760601,-0.37338940238578516,82.33936852363843,97.8287500804161,0.5197012145029196
19,1.0,2.5364359582002347,13.120846319193646,0.19331344156434824,45.783731253782584,37.36393967164681,1.1831741370799942
19,3.0,5.751398638299814,11.396878790700464,0.5046468198813164,12.861119245982664,7.034072087813082,1.6653482563050523
19,10.0,4.928082503101394,9.99602200162139,0.49300436736754305,0.42530033824790425,0.1398186081425311,1.5570921487059164
20,0.0,-1.8936576441744335,13.156325726879288,-0.1439351444686079,82.32122041674218,98.78134681188978,0.7579601093666986
20,1.0,4.583894774281806,11.377602748274574,0.40288757444769796,51.29825936464191,44.822664493248624,1.480734796595419
20,3.0,9.050515149222168,10.109518683843849,0.8952468888242832,15.630486041464708,9.088195037933602,2.3430333753103265
20,10.0,8.00876482503009,8.42455574902615,0.9506453590690377,0.3690464857302532,0.12744814538280444,2.145858563550833
21,0.0,-7.1362382704850615,16.175286723511892,-0.44118156249508994,78.2342670284411,88.74837116283773,0.42460207143378426
21,1.0,1.7051671500083798,13.603144602864546,0.12535095375295105,43.77890475373681,37.21261186100883,1.0786158787924385
21,3.0,4.603521172914177,12.550066093141654,0.366812504312619,13.534967271714917,7.57022368717651,1.46346261189102
21,10.0,2.317089451509302,9.928937336360066,0.23336731545520492,0.3576973282019632,0.11844738809469556,1.2000820052109364
22,0.0,-4.802410202797426,14.349014949659185,-0.3346857062764083,81.46251891764594,98.9628981949067,0.5573801977409729
22,1.0,2.3878302586451525,12.16228798406973,0.19633067904433388,43.80268852851378,38.35631631538082,1.1793868264086718
22,3.0,2.0558899907787267,11.052168470782256,0.18601688856026036,12.124826056775854,7.167132704644883,1.1557175842536296
22,10.0,3.135585989123452,9.18855256549473,0.34124917572962976,0.3634582270765781,0.11958800376676165,1.311993203290958
23,0.0,-2.204251726788813,12.361926663167685,-0.1783097236255553,78.87678908090699,92.83141127553891,0.7430009024391513
23,1.0,0.9943003215020662,11.07447380326538,0.08978307585222607,45.09033709231811,37.85522470667338,1.0394730110746333
23,3.0,7.001067212137127,9.806986863854583,0.7138856520692224,15.18756865713195,8.621143526792425,1.9176697938685692
23,10.0,5.187713658231553,9.639796649578194,0.5381559224549151,0.2231147024939718,0.0666563375211389,1.6031531748535932
24,0.0,-3.453726857369587,14.286076385897074,-0.24175475225507237,79.77225651407572,92.52449020340255,0.6393912921255996
24,1.0,3.9213696518780017,12.252694666960938,0.3200414079077535,43.35097755987974,35.62822494397989,1.3744535930951771
24,3.0,5.415757120293017,11.840405349594654,0.45739625970477604,11.679000825391634,6.408427855789868,1.6018143741325273
24,10.0,4.495386334972622,9.163270821286696,0.4905875230195788,0.3085621659182383,0.09651738314411203,1.5024246032158903
25,0.0,-8.091735963416896,14.003696083960305,-0.5778285900309627,79.76403522520424,95.17081438835116,0.40206002877056013
25,1.0,-0.9379978979962045,12.146380801593256,-0.07722447643607272,44.451371174574575,36.194310770687004,0.8458328225300138
25,3.0,5.397169430098153,10.897678495952736,0.49525863991148167,11.937687155034311,6.6683612382497435,1.616015026196769
25,10.0,1.3034202654796334,9.890777477787509,0.13178137597441922,0.23857109768782506,0.07277255275564078,1.085418763555913
26,0.0,-6.546894531651284,12.176888609488808,-0.5376492092199673,79.01215322157775,87.57028896429567,0.4811030236913925
26,1.0,2.8250301704886773,11.233368140979287,0.251485586071285,41.68618184109361,33.54023858087517,1.2454020344235712
26,3.0,7.674023712388656,10.264612886644642,0.7476193985233851,13.941344053608823,7.504033633930427,2.040241786077681
26,10.0,6.785779514320173,9.741814903493863,0.6965621479716763,0.185615381582068,0.058720736828086054,1.8774096381286984
27,0.0,-8.986690845861457,13.21875071091511,-0.6798441881834478,84.69648425137092,101.49330730495339,0.3715074415696624
27,1.0,-0.853783725855628,12.555956588988673,-0.0679983018262726,50.29396054452958,43.086575097992664,0.8493816971011922
27,3.0,5.088316526031491,11.273897157271318,0.45133607793731584,16.182240627193718,9.394074441498942,1.560962551910342
27,10.0,5.284676245852293,9.844412706609178,0.5368198594827658,0.3591673686905115,0.111716210106886,1.61538168852412
28,0.0,0.3372334522117504,13.593389999791341,0.024808635095213694,80.75269922048946,92.30644090449488,0.9439950904097796
28,1.0,5.935901930289534,12.276515750068691,0.4835168260388799,49.366203959213145,39.466290038643194,1.6789884776182604
28,3.0,9.234127103654998,10.68799397511328,0.8639719600475474,14.808913740387581,7.911548910406351,2.3727851592672558
28,10.0,10.019592241368516,8.348330686656478,1.2001911061553048,0.2913400802766002,0.09008953199487273,2.621679902500461
29,0.0,-6.206828011598495,13.49225887285166,-0.4600288261654624,77.78866435640435,91.0677919863759,0.48966859113237937
29,1.0,1.1136796070351607,11.713791449597972,0.09507422185439225,44.9207296281903,36.89326544717935,1.044239608345082
29,3.0,2.880927648739412,10.949342033223221,0.2631142254939073,13.413159218838597,7.563859701106482,1.256271814937438
29,10.0,3.5594757368857914,10.117250242277803,0.3518224469739328,0.13741237561064926,0.04761100420299293,1.3565770478406283
