method,index,eigenvalue
Population,1,0.2043990391832492
Population,2,0.22125237833063935
Population,3,0.23869988750534438
Population,4,0.2567825077119608
Population,5,0.2755118094390047
Population,6,0.2948927290720374
Population,7,0.3149279020251039
Population,8,0.3356189745998026
Population,9,0.35696711191899083
Population,10,0.37897322868986943
Population,11,0.4016381071367381
Population,12,0.4249624633983941
Population,13,0.44894698839937464
Population,14,0.47359237539833077
Population,15,0.4988993404488363
Population,16,0.5248686392293054
Population,17,0.5515010823398555
Population,18,0.5787975504914705
Population,19,0.6067590107032573
Population,20,0.6353865345309505
Population,21,0.6646813194126219
Population,22,0.6946447144213147
Population,23,0.7252782520784916
Population,24,0.7565836884609685
Population,25,0.788563054728631
Population,26,0.8212187245879683
Population,27,0.8545535043968024
Population,28,0.888570756162092
Population,29,0.9232745696100471
Population,30,0.9586700097944475
Population,31,0.9947634853728443
Population,32,1.0315633183777329
Population,33,1.0690806690660215
Population,34,1.1073311297540114
Population,35,1.1463376913934247
Population,36,1.1861368650260464
Population,37,1.2267933041170358
Population,38,1.2684436649863862
Population,39,1.3114975384453482
Population,40,10.899114711733883
Sample,1,0.017408552717170067
Sample,2,0.02848685179650899
Sample,3,0.0327859780991402
Sample,4,0.04290167400223405
Sample,5,0.04548769786861011
Sample,6,0.07147338059856287
Sample,7,0.09334607701769214
Sample,8,0.1058771106275422
Sample,9,0.1277946431728502
Sample,10,0.13550056276996755
Sample,11,0.16772053454533462
Sample,12,0.19120447752758002
Sample,13,0.22260206948948605
Sample,14,0.2452469467594643
Sample,15,0.2649707729169073
Sample,16,0.2832033452912822
Sample,17,0.31066213422449124
Sample,18,0.3569755664768121
Sample,19,0.37539147182015187
Sample,20,0.4236182509557509
Sample,21,0.4696350397033942
Sample,22,0.5342876405530234
Sample,23,0.5885777160170119
Sample,24,0.6267018623264661
Sample,25,0.7000136459146853
Sample,26,0.7567469172174724
Sample,27,0.821211014025924
Sample,28,0.8392667979179665
Sample,29,0.9481453173538599
Sample,30,0.9921379087612664
Sample,31,1.0961123292631525
Sample,32,1.2179958962489663
Sample,33,1.382420811227072
Sample,34,1.4701624325326206
Sample,35,1.5540346882939002
Sample,36,1.6619070959254978
Sample,37,1.9300921846116068
Sample,38,1.981152794568409
Sample,39,2.17726770846421
Sample,40,12.223154855384253
Shrink 0.2,1,0.20149525594867645
Shrink 0.2,2,0.21035789521214832
Shrink 0.2,3,0.21379719625425433
Shrink 0.2,4,0.22188975297672908
Shrink 0.2,5,0.22395857206982966
Shrink 0.2,6,0.24474711825379156
Shrink 0.2,7,0.26224527538909537
Shrink 0.2,8,0.2722701022769756
Shrink 0.2,9,0.2898041283132223
Shrink 0.2,10,0.2959688639909159
Shrink 0.2,11,0.3217448414112095
Shrink 0.2,12,0.34053199579700577
Shrink 0.2,13,0.36565006936653066
Shrink 0.2,14,0.3837659711825137
Shrink 0.2,15,0.39954503210846753
Shrink 0.2,16,0.4141310900079678
Shrink 0.2,17,0.43609812115453495
Shrink 0.2,18,0.4731488669563916
Shrink 0.2,19,0.4878815912310635
Shrink 0.2,20,0.5264630145395418
Shrink 0.2,21,0.5632764455376568
Shrink 0.2,22,0.6149985262173601
Shrink 0.2,23,0.658430586588551
Shrink 0.2,24,0.688929903636115
Shrink 0.2,25,0.7475793305066897
Shrink 0.2,26,0.7929659475489189
Shrink 0.2,27,0.8445372249956817
Shrink 0.2,28,0.8589818521093151
Shrink 0.2,29,0.9460846676580293
Shrink 0.2,30,0.981278740783955
Shrink 0.2,31,1.0644582771854623
Shrink 0.2,32,1.1619651307741143
Shrink 0.2,33,1.2935050627565974
Shrink 0.2,34,1.3636983598010393
Shrink 0.2,35,1.4307961644100613
Shrink 0.2,36,1.5170940905153394
Shrink 0.2,37,1.7316421614642246
Shrink 0.2,38,1.7724906494296726
Shrink 0.2,39,1.9293825805463094
Shrink 0.2,40,9.966092298082351
Shrink 0.5,1,0.47762531079593884
Shrink 0.5,2,0.48316446033560806
Shrink 0.5,3,0.4853140234869245
Shrink 0.5,4,0.4903718714384709
Shrink 0.5,5,0.49166488337165937
Shrink 0.5,6,0.5046577247366347
Shrink 0.5,7,0.5155940729461992
Shrink 0.5,8,0.5218595897511249
Shrink 0.5,9,0.5328183560237789
Shrink 0.5,10,0.5366713158223375
Shrink 0.5,11,0.5527813017100214
Shrink 0.5,12,0.5645232732011437
Shrink 0.5,13,0.5802220691820967
Shrink 0.5,14,0.5915445078170856
Shrink 0.5,15,0.6014064208958074
Shrink 0.5,16,0.610522707082995
Shrink 0.5,17,0.6242521015495993
Shrink 0.5,18,0.6474088176757598
Shrink 0.5,19,0.6566167703474293
Shrink 0.5,20,0.6807301599152292
Shrink 0.5,21,0.703738554289051
Shrink 0.5,22,0.7360648547138648
Shrink 0.5,23,0.7632098924458594
Shrink 0.5,24,0.7822719656005868
Shrink 0.5,25,0.8189278573946962
Shrink 0.5,26,0.8472944930460902
Shrink 0.5,27,0.8795265414503157
Shrink 0.5,28,0.8885544333963369
Shrink 0.5,29,0.9429936931142834
Shrink 0.5,30,0.9649899888179869
Shrink 0.5,31,1.0169771990689294
Shrink 0.5,32,1.0779189825618376
Shrink 0.5,33,1.1601314400508898
Shrink 0.5,34,1.2040022507036647
Shrink 0.5,35,1.2459383785843046
Shrink 0.5,36,1.299874582400102
Shrink 0.5,37,1.433967126743156
Shrink 0.5,38,1.4594974317215594
Shrink 0.5,39,1.557554888669459
Shrink 0.5,40,6.580498462129482
